ISO-10303-21;
HEADER;
/* Generated by software containing ST-Developer
 * from STEP Tools, Inc. (www.steptools.com) 
 */

FILE_DESCRIPTION(
/* description */ (''),
/* implementation_level */ '2;1');

FILE_NAME(
/* name */ 'NovaMirror.step',
/* time_stamp */ '2026-09-04T17:21:20+02:00',
/* author */ (''),
/* organization */ (''),
/* preprocessor_version */ 'ST-DEVELOPER v20.1',
/* originating_system */ 'Autodesk Translation Framework v15.8.0.0',
/* authorisation */ '');

FILE_SCHEMA (('AUTOMOTIVE_DESIGN { 1 0 10303 214 3 1 1 }'));
ENDSEC;

DATA;
#10=MECHANICAL_DESIGN_GEOMETRIC_PRESENTATION_REPRESENTATION('',(#250,#251,
#252,#253,#254,#255,#256,#257,#258,#259,#260,#261,#262),#5414);
#11=B_SPLINE_SURFACE_WITH_KNOTS('',3,3,((#4965,#4966,#4967,#4968,#4969,
#4970,#4971,#4972,#4973,#4974,#4975,#4976,#4977,#4978,#4979,#4980,#4981,
#4982,#4983,#4984),(#4985,#4986,#4987,#4988,#4989,#4990,#4991,#4992,#4993,
#4994,#4995,#4996,#4997,#4998,#4999,#5000,#5001,#5002,#5003,#5004),(#5005,
#5006,#5007,#5008,#5009,#5010,#5011,#5012,#5013,#5014,#5015,#5016,#5017,
#5018,#5019,#5020,#5021,#5022,#5023,#5024),(#5025,#5026,#5027,#5028,#5029,
#5030,#5031,#5032,#5033,#5034,#5035,#5036,#5037,#5038,#5039,#5040,#5041,
#5042,#5043,#5044),(#5045,#5046,#5047,#5048,#5049,#5050,#5051,#5052,#5053,
#5054,#5055,#5056,#5057,#5058,#5059,#5060,#5061,#5062,#5063,#5064),(#5065,
#5066,#5067,#5068,#5069,#5070,#5071,#5072,#5073,#5074,#5075,#5076,#5077,
#5078,#5079,#5080,#5081,#5082,#5083,#5084),(#5085,#5086,#5087,#5088,#5089,
#5090,#5091,#5092,#5093,#5094,#5095,#5096,#5097,#5098,#5099,#5100,#5101,
#5102,#5103,#5104),(#5105,#5106,#5107,#5108,#5109,#5110,#5111,#5112,#5113,
#5114,#5115,#5116,#5117,#5118,#5119,#5120,#5121,#5122,#5123,#5124),(#5125,
#5126,#5127,#5128,#5129,#5130,#5131,#5132,#5133,#5134,#5135,#5136,#5137,
#5138,#5139,#5140,#5141,#5142,#5143,#5144),(#5145,#5146,#5147,#5148,#5149,
#5150,#5151,#5152,#5153,#5154,#5155,#5156,#5157,#5158,#5159,#5160,#5161,
#5162,#5163,#5164)),.UNSPECIFIED.,.F.,.T.,.F.,(4,1,1,1,1,1,1,4),(4,1,1,
1,1,1,1,1,1,1,1,1,1,1,1,1,1,4),(0.,0.142857142857143,0.285714285714286,
0.428571428571429,0.571428571428571,0.714285714285714,0.857142857142857,
1.),(-3.14159265358979,-2.69279370307697,-2.24399475256414,-1.79519580205131,
-1.34639685153848,-1.0471975511966,-0.747998250854713,-0.448798950512828,
-0.299199300341885,-0.149599650170943,0.448798950512828,0.747998250854713,
1.0471975511966,1.34639685153848,1.64559615188037,2.24399475256414,2.69279370307697,
3.14159265358979),.UNSPECIFIED.);
#12=B_SPLINE_CURVE_WITH_KNOTS('',3,(#4637,#4638,#4639,#4640,#4641,#4642,
#4643,#4644,#4645,#4646,#4647,#4648),.UNSPECIFIED.,.F.,.F.,(4,2,2,2,2,4),
(2.60313479140891,2.72627256213649,2.84941033286407,3.07345937579179,3.29750841871951,
3.39494877375791),.UNSPECIFIED.);
#13=B_SPLINE_CURVE_WITH_KNOTS('',3,(#4650,#4651,#4652,#4653,#4654,#4655,
#4656,#4657,#4658,#4659,#4660,#4661),.UNSPECIFIED.,.F.,.F.,(4,2,2,2,2,4),
(1.03959985248878,1.19066248162816,1.38982249797191,1.58589298138696,1.77948101751867,
1.82863181089337),.UNSPECIFIED.);
#14=B_SPLINE_CURVE_WITH_KNOTS('',3,(#4663,#4664,#4665,#4666,#4667,#4668,
#4669,#4670,#4671,#4672),.UNSPECIFIED.,.F.,.F.,(4,2,2,2,4),(3.1918862042183,
3.24099367269673,3.45447237798198,3.66795108326724,3.89034116777438),
 .UNSPECIFIED.);
#15=B_SPLINE_CURVE_WITH_KNOTS('',3,(#4682,#4683,#4684,#4685,#4686,#4687,
#4688,#4689,#4690,#4691),.UNSPECIFIED.,.F.,.F.,(4,2,2,2,4),(2.59163600331805,
2.81402608782519,3.02750479311045,3.2409834983957,3.29009096688219),
 .UNSPECIFIED.);
#16=B_SPLINE_CURVE_WITH_KNOTS('',3,(#4693,#4694,#4695,#4696,#4697,#4698,
#4699,#4700,#4701,#4702,#4703,#4704,#4705),.UNSPECIFIED.,.F.,.F.,(4,2,3,
2,2,4),(2.9606774244634,3.06073352254393,3.19295424883516,3.38655294331928,
3.57831063265936,3.74972284555009),.UNSPECIFIED.);
#17=B_SPLINE_CURVE_WITH_KNOTS('',3,(#4707,#4708,#4709,#4710,#4711,#4712,
#4713,#4714,#4715,#4716,#4717,#4718),.UNSPECIFIED.,.F.,.F.,(4,2,2,2,2,4),
(3.20006806367028,3.29750841871951,3.52155746164723,3.74560650457495,3.86874427530253,
3.99188204603011),.UNSPECIFIED.);
#18=B_SPLINE_CURVE_WITH_KNOTS('',3,(#4726,#4727,#4728,#4729,#4730,#4731,
#4732,#4733,#4734,#4735),.UNSPECIFIED.,.F.,.F.,(4,2,2,2,4),(3.29750841871951,
3.52155746164723,3.74560650457495,3.86874427530253,3.99188204603011),
 .UNSPECIFIED.);
#19=B_SPLINE_CURVE_WITH_KNOTS('',3,(#4739,#4740,#4741,#4742,#4743,#4744,
#4745,#4746,#4747,#4748),.UNSPECIFIED.,.F.,.F.,(4,2,2,2,4),(2.59163600331805,
2.81402608782519,3.02750479311045,3.2409834983957,3.29009096688219),
 .UNSPECIFIED.);
#20=B_SPLINE_CURVE_WITH_KNOTS('',3,(#4750,#4751,#4752,#4753,#4754,#4755,
#4756,#4757,#4758,#4759,#4760,#4761),.UNSPECIFIED.,.F.,.F.,(4,2,2,2,2,4),
(1.36370590329535,1.38982249797187,1.58589298138691,1.77948101751862,1.97117985139586,
2.15253667456461),.UNSPECIFIED.);
#21=B_SPLINE_CURVE_WITH_KNOTS('',3,(#4762,#4763,#4764,#4765),
 .UNSPECIFIED.,.F.,.F.,(4,4),(3.20006806367031,3.29750841871951),
 .UNSPECIFIED.);
#22=B_SPLINE_CURVE_WITH_KNOTS('',3,(#4772,#4773,#4774,#4775),
 .UNSPECIFIED.,.F.,.F.,(4,4),(3.29750841871951,3.39494877375791),
 .UNSPECIFIED.);
#23=B_SPLINE_CURVE_WITH_KNOTS('',3,(#4777,#4778,#4779,#4780,#4781,#4782,
#4783,#4784,#4785,#4786,#4787,#4788,#4789,#4790,#4791),.UNSPECIFIED.,.F.,
 .F.,(4,2,2,2,3,2,4),(2.63660681168217,2.7296726183367,2.92998284445695,
3.06073352254355,3.19295424883477,3.38655294331889,3.42554987863444),
 .UNSPECIFIED.);
#24=B_SPLINE_CURVE_WITH_KNOTS('',3,(#4793,#4794,#4795,#4796,#4797,#4798,
#4799,#4800,#4801,#4802),.UNSPECIFIED.,.F.,.F.,(4,2,2,2,4),(3.19187602991737,
3.2409834983957,3.45446220368096,3.66794090896621,3.89033099347336),
 .UNSPECIFIED.);
#25=B_SPLINE_CURVE_WITH_KNOTS('',3,(#4805,#4806,#4807,#4808,#4809,#4810,
#4811,#4812,#4813,#4814),.UNSPECIFIED.,.F.,.F.,(4,2,2,2,4),(2.60313479140891,
2.72627256213649,2.84941033286407,3.07345937579179,3.29750841871951),
 .UNSPECIFIED.);
#26=B_SPLINE_CURVE_WITH_KNOTS('',3,(#5167,#5168,#5169,#5170,#5171,#5172,
#5173,#5174,#5175,#5176),.UNSPECIFIED.,.F.,.F.,(4,1,1,1,1,1,1,4),(0.,0.142857142857143,
0.285714285714286,0.428571428571429,0.571428571428571,0.714285714285714,
0.857142857142857,1.),.UNSPECIFIED.);
#27=B_SPLINE_CURVE_WITH_KNOTS('',3,(#5178,#5179,#5180,#5181,#5182,#5183,
#5184,#5185,#5186,#5187,#5188,#5189,#5190,#5191,#5192,#5193,#5194,#5195,
#5196,#5197),.UNSPECIFIED.,.T.,.F.,(4,1,1,1,1,1,1,1,1,1,1,1,1,1,1,1,1,4),
(-3.14159265358979,-2.69279370307697,-2.24399475256414,-1.64559615188037,
-1.34639685153848,-1.0471975511966,-0.747998250854713,-0.448798950512828,
0.149599650170943,0.299199300341885,0.448798950512828,0.747998250854713,
1.0471975511966,1.34639685153848,1.79519580205131,2.24399475256414,2.69279370307697,
3.14159265358979),.UNSPECIFIED.);
#28=TOROIDAL_SURFACE('',#3226,0.91,0.6);
#29=TOROIDAL_SURFACE('',#3231,0.91,0.6);
#30=TOROIDAL_SURFACE('',#3236,0.91,0.6);
#31=TOROIDAL_SURFACE('',#3240,0.91,0.6);
#32=ITEM_DEFINED_TRANSFORMATION($,$,#3149,#3215);
#33=ITEM_DEFINED_TRANSFORMATION($,$,#3156,#3216);
#34=ITEM_DEFINED_TRANSFORMATION($,$,#3225,#3292);
#35=ITEM_DEFINED_TRANSFORMATION($,$,#3088,#3347);
#36=ITEM_DEFINED_TRANSFORMATION($,$,#3095,#3348);
#37=ITEM_DEFINED_TRANSFORMATION($,$,#3148,#3349);
#38=ITEM_DEFINED_TRANSFORMATION($,$,#3217,#3350);
#39=ITEM_DEFINED_TRANSFORMATION($,$,#3224,#3351);
#40=ITEM_DEFINED_TRANSFORMATION($,$,#3293,#3352);
#41=ITEM_DEFINED_TRANSFORMATION($,$,#3305,#3353);
#42=ITEM_DEFINED_TRANSFORMATION($,$,#3309,#3354);
#43=ITEM_DEFINED_TRANSFORMATION($,$,#3328,#3355);
#44=(
REPRESENTATION_RELATIONSHIP($,$,#5461,#5460)
REPRESENTATION_RELATIONSHIP_WITH_TRANSFORMATION(#32)
SHAPE_REPRESENTATION_RELATIONSHIP()
);
#45=(
REPRESENTATION_RELATIONSHIP($,$,#5462,#5460)
REPRESENTATION_RELATIONSHIP_WITH_TRANSFORMATION(#33)
SHAPE_REPRESENTATION_RELATIONSHIP()
);
#46=(
REPRESENTATION_RELATIONSHIP($,$,#5465,#5464)
REPRESENTATION_RELATIONSHIP_WITH_TRANSFORMATION(#34)
SHAPE_REPRESENTATION_RELATIONSHIP()
);
#47=(
REPRESENTATION_RELATIONSHIP($,$,#5458,#5457)
REPRESENTATION_RELATIONSHIP_WITH_TRANSFORMATION(#35)
SHAPE_REPRESENTATION_RELATIONSHIP()
);
#48=(
REPRESENTATION_RELATIONSHIP($,$,#5459,#5457)
REPRESENTATION_RELATIONSHIP_WITH_TRANSFORMATION(#36)
SHAPE_REPRESENTATION_RELATIONSHIP()
);
#49=(
REPRESENTATION_RELATIONSHIP($,$,#5460,#5457)
REPRESENTATION_RELATIONSHIP_WITH_TRANSFORMATION(#37)
SHAPE_REPRESENTATION_RELATIONSHIP()
);
#50=(
REPRESENTATION_RELATIONSHIP($,$,#5463,#5457)
REPRESENTATION_RELATIONSHIP_WITH_TRANSFORMATION(#38)
SHAPE_REPRESENTATION_RELATIONSHIP()
);
#51=(
REPRESENTATION_RELATIONSHIP($,$,#5464,#5457)
REPRESENTATION_RELATIONSHIP_WITH_TRANSFORMATION(#39)
SHAPE_REPRESENTATION_RELATIONSHIP()
);
#52=(
REPRESENTATION_RELATIONSHIP($,$,#5466,#5457)
REPRESENTATION_RELATIONSHIP_WITH_TRANSFORMATION(#40)
SHAPE_REPRESENTATION_RELATIONSHIP()
);
#53=(
REPRESENTATION_RELATIONSHIP($,$,#5467,#5457)
REPRESENTATION_RELATIONSHIP_WITH_TRANSFORMATION(#41)
SHAPE_REPRESENTATION_RELATIONSHIP()
);
#54=(
REPRESENTATION_RELATIONSHIP($,$,#5468,#5457)
REPRESENTATION_RELATIONSHIP_WITH_TRANSFORMATION(#42)
SHAPE_REPRESENTATION_RELATIONSHIP()
);
#55=(
REPRESENTATION_RELATIONSHIP($,$,#5469,#5457)
REPRESENTATION_RELATIONSHIP_WITH_TRANSFORMATION(#43)
SHAPE_REPRESENTATION_RELATIONSHIP()
);
#56=CONTEXT_DEPENDENT_SHAPE_REPRESENTATION(#44,#5438);
#57=CONTEXT_DEPENDENT_SHAPE_REPRESENTATION(#45,#5439);
#58=CONTEXT_DEPENDENT_SHAPE_REPRESENTATION(#46,#5443);
#59=CONTEXT_DEPENDENT_SHAPE_REPRESENTATION(#47,#5448);
#60=CONTEXT_DEPENDENT_SHAPE_REPRESENTATION(#48,#5449);
#61=CONTEXT_DEPENDENT_SHAPE_REPRESENTATION(#49,#5450);
#62=CONTEXT_DEPENDENT_SHAPE_REPRESENTATION(#50,#5451);
#63=CONTEXT_DEPENDENT_SHAPE_REPRESENTATION(#51,#5452);
#64=CONTEXT_DEPENDENT_SHAPE_REPRESENTATION(#52,#5453);
#65=CONTEXT_DEPENDENT_SHAPE_REPRESENTATION(#53,#5454);
#66=CONTEXT_DEPENDENT_SHAPE_REPRESENTATION(#54,#5455);
#67=CONTEXT_DEPENDENT_SHAPE_REPRESENTATION(#55,#5456);
#68=NEXT_ASSEMBLY_USAGE_OCCURRENCE('Board:1','Board:1','Board:1',#5474,
#5475,'Board:1');
#69=NEXT_ASSEMBLY_USAGE_OCCURRENCE('Brackets:1','Brackets:1',
'Brackets:1',#5474,#5476,'Brackets:1');
#70=NEXT_ASSEMBLY_USAGE_OCCURRENCE('Raspi_Holder:1','Raspi_Holder:1',
'Raspi_Holder:1',#5478,#5479,'Raspi_Holder:1');
#71=NEXT_ASSEMBLY_USAGE_OCCURRENCE('Glass:1','Glass:1','Glass:1',#5471,
#5472,'Glass:1');
#72=NEXT_ASSEMBLY_USAGE_OCCURRENCE('Frame:1','Frame:1','Frame:1',#5471,
#5473,'Frame:1');
#73=NEXT_ASSEMBLY_USAGE_OCCURRENCE('Support:1','Support:1','Support:1',
#5471,#5474,'Support:1');
#74=NEXT_ASSEMBLY_USAGE_OCCURRENCE('Sensor:1','Sensor:1','Sensor:1',#5471,
#5477,'Sensor:1');
#75=NEXT_ASSEMBLY_USAGE_OCCURRENCE('Raspi:1','Raspi:1','Raspi:1',#5471,
#5478,'Raspi:1');
#76=NEXT_ASSEMBLY_USAGE_OCCURRENCE('Monitor:1','Monitor:1','Monitor:1',
#5471,#5480,'Monitor:1');
#77=NEXT_ASSEMBLY_USAGE_OCCURRENCE('Mic:1','Mic:1','Mic:1',#5471,#5481,
'Mic:1');
#78=NEXT_ASSEMBLY_USAGE_OCCURRENCE('Lower_Brackets:1',
'Lower_Brackets:1','Lower_Brackets:1',#5471,#5482,'Lower_Brackets:1');
#79=NEXT_ASSEMBLY_USAGE_OCCURRENCE('Upper_Brackets:1',
'Upper_Brackets:1','Upper_Brackets:1',#5471,#5483,'Upper_Brackets:1');
#80=CONICAL_SURFACE('',#3157,0.3,0.785398163397451);
#81=CONICAL_SURFACE('',#3164,0.3,0.785398163397451);
#82=CONICAL_SURFACE('',#3168,0.299999999999999,0.785398163397446);
#83=CONICAL_SURFACE('',#3175,0.299999999999999,0.785398163397446);
#84=CONICAL_SURFACE('',#3186,0.299999999999999,0.785398163397446);
#85=CONICAL_SURFACE('',#3193,0.299999999999999,0.785398163397446);
#86=CONICAL_SURFACE('',#3197,0.3,0.785398163397451);
#87=CONICAL_SURFACE('',#3204,0.3,0.785398163397451);
#88=CONICAL_SURFACE('',#3266,0.4,0.785398163397448);
#89=CONICAL_SURFACE('',#3271,0.4,0.785398163397448);
#90=CONICAL_SURFACE('',#3276,0.75,0.785398163397448);
#91=CONICAL_SURFACE('',#3278,0.75,0.785398163397448);
#92=FACE_BOUND('',#467,.T.);
#93=FACE_BOUND('',#478,.T.);
#94=FACE_BOUND('',#479,.T.);
#95=FACE_BOUND('',#481,.T.);
#96=FACE_BOUND('',#487,.T.);
#97=FACE_BOUND('',#490,.T.);
#98=FACE_BOUND('',#493,.T.);
#99=FACE_BOUND('',#494,.T.);
#100=FACE_BOUND('',#504,.T.);
#101=FACE_BOUND('',#505,.T.);
#102=FACE_BOUND('',#511,.T.);
#103=FACE_BOUND('',#512,.T.);
#104=FACE_BOUND('',#517,.T.);
#105=FACE_BOUND('',#518,.T.);
#106=FACE_BOUND('',#520,.T.);
#107=FACE_BOUND('',#521,.T.);
#108=FACE_BOUND('',#529,.T.);
#109=FACE_BOUND('',#530,.T.);
#110=FACE_BOUND('',#536,.T.);
#111=FACE_BOUND('',#537,.T.);
#112=FACE_BOUND('',#544,.T.);
#113=FACE_BOUND('',#545,.T.);
#114=FACE_BOUND('',#547,.T.);
#115=FACE_BOUND('',#548,.T.);
#116=FACE_BOUND('',#564,.T.);
#117=FACE_BOUND('',#568,.T.);
#118=FACE_BOUND('',#570,.T.);
#119=FACE_BOUND('',#571,.T.);
#120=FACE_BOUND('',#574,.T.);
#121=FACE_BOUND('',#578,.T.);
#122=FACE_BOUND('',#582,.T.);
#123=FACE_BOUND('',#585,.T.);
#124=FACE_BOUND('',#598,.T.);
#125=FACE_BOUND('',#599,.T.);
#126=FACE_BOUND('',#610,.T.);
#127=ELLIPSE('',#3113,0.353553390593274,0.25);
#128=ELLIPSE('',#3114,0.353553390593274,0.25);
#129=ELLIPSE('',#3116,0.353553390593274,0.25);
#130=ELLIPSE('',#3118,0.353553390593274,0.25);
#131=ELLIPSE('',#3124,0.353553390593274,0.25);
#132=ELLIPSE('',#3125,0.353553390593274,0.25);
#133=ELLIPSE('',#3127,0.353553390593274,0.25);
#134=ELLIPSE('',#3129,0.353553390593274,0.25);
#135=CIRCLE('',#3098,1.5);
#136=CIRCLE('',#3099,1.5);
#137=CIRCLE('',#3102,1.5);
#138=CIRCLE('',#3103,1.5);
#139=CIRCLE('',#3106,1.5);
#140=CIRCLE('',#3107,1.5);
#141=CIRCLE('',#3110,1.5);
#142=CIRCLE('',#3111,1.5);
#143=CIRCLE('',#3158,0.4);
#144=CIRCLE('',#3159,0.2);
#145=CIRCLE('',#3161,0.4);
#146=CIRCLE('',#3163,0.2);
#147=CIRCLE('',#3165,0.2);
#148=CIRCLE('',#3167,0.2);
#149=CIRCLE('',#3169,0.399999999999999);
#150=CIRCLE('',#3170,0.199999999999999);
#151=CIRCLE('',#3172,0.399999999999999);
#152=CIRCLE('',#3174,0.199999999999999);
#153=CIRCLE('',#3176,0.199999999999999);
#154=CIRCLE('',#3178,0.199999999999999);
#155=CIRCLE('',#3187,0.399999999999999);
#156=CIRCLE('',#3188,0.199999999999999);
#157=CIRCLE('',#3190,0.399999999999999);
#158=CIRCLE('',#3192,0.199999999999999);
#159=CIRCLE('',#3194,0.199999999999999);
#160=CIRCLE('',#3196,0.199999999999999);
#161=CIRCLE('',#3198,0.4);
#162=CIRCLE('',#3199,0.2);
#163=CIRCLE('',#3201,0.4);
#164=CIRCLE('',#3203,0.2);
#165=CIRCLE('',#3205,0.2);
#166=CIRCLE('',#3207,0.2);
#167=CIRCLE('',#3227,0.31);
#168=CIRCLE('',#3228,0.6);
#169=CIRCLE('',#3229,0.91);
#170=CIRCLE('',#3230,0.91);
#171=CIRCLE('',#3232,0.31);
#172=CIRCLE('',#3233,0.6);
#173=CIRCLE('',#3234,0.91);
#174=CIRCLE('',#3235,0.91);
#175=CIRCLE('',#3237,0.31);
#176=CIRCLE('',#3238,0.6);
#177=CIRCLE('',#3239,0.91);
#178=CIRCLE('',#3241,0.31);
#179=CIRCLE('',#3242,0.6);
#180=CIRCLE('',#3243,0.91);
#181=CIRCLE('',#3245,0.11);
#182=CIRCLE('',#3246,0.11);
#183=CIRCLE('',#3250,0.11);
#184=CIRCLE('',#3251,0.11);
#185=CIRCLE('',#3254,0.85);
#186=CIRCLE('',#3255,0.85);
#187=CIRCLE('',#3257,0.11);
#188=CIRCLE('',#3258,0.11);
#189=CIRCLE('',#3262,0.11);
#190=CIRCLE('',#3263,0.11);
#191=CIRCLE('',#3267,0.6);
#192=CIRCLE('',#3268,0.2);
#193=CIRCLE('',#3270,0.65);
#194=CIRCLE('',#3272,0.6);
#195=CIRCLE('',#3273,0.2);
#196=CIRCLE('',#3275,0.65);
#197=CIRCLE('',#3281,0.5);
#198=CIRCLE('',#3284,0.500000000000001);
#199=CIRCLE('',#3287,0.5);
#200=CIRCLE('',#3290,0.5);
#201=CIRCLE('',#3306,3.09999999999999);
#202=CYLINDRICAL_SURFACE('',#3097,1.5);
#203=CYLINDRICAL_SURFACE('',#3101,1.5);
#204=CYLINDRICAL_SURFACE('',#3105,1.5);
#205=CYLINDRICAL_SURFACE('',#3109,1.5);
#206=CYLINDRICAL_SURFACE('',#3112,0.25);
#207=CYLINDRICAL_SURFACE('',#3115,0.25);
#208=CYLINDRICAL_SURFACE('',#3117,0.25);
#209=CYLINDRICAL_SURFACE('',#3119,0.25);
#210=CYLINDRICAL_SURFACE('',#3123,0.25);
#211=CYLINDRICAL_SURFACE('',#3126,0.25);
#212=CYLINDRICAL_SURFACE('',#3128,0.25);
#213=CYLINDRICAL_SURFACE('',#3130,0.25);
#214=CYLINDRICAL_SURFACE('',#3162,0.2);
#215=CYLINDRICAL_SURFACE('',#3166,0.2);
#216=CYLINDRICAL_SURFACE('',#3173,0.199999999999999);
#217=CYLINDRICAL_SURFACE('',#3177,0.199999999999999);
#218=CYLINDRICAL_SURFACE('',#3191,0.199999999999999);
#219=CYLINDRICAL_SURFACE('',#3195,0.199999999999999);
#220=CYLINDRICAL_SURFACE('',#3202,0.2);
#221=CYLINDRICAL_SURFACE('',#3206,0.2);
#222=CYLINDRICAL_SURFACE('',#3244,0.11);
#223=CYLINDRICAL_SURFACE('',#3249,0.11);
#224=CYLINDRICAL_SURFACE('',#3256,0.11);
#225=CYLINDRICAL_SURFACE('',#3261,0.11);
#226=CYLINDRICAL_SURFACE('',#3280,0.5);
#227=CYLINDRICAL_SURFACE('',#3283,0.500000000000001);
#228=CYLINDRICAL_SURFACE('',#3286,0.5);
#229=CYLINDRICAL_SURFACE('',#3289,0.5);
#230=SHAPE_REPRESENTATION_RELATIONSHIP('SRR','None',#5458,#240);
#231=SHAPE_REPRESENTATION_RELATIONSHIP('SRR','None',#5459,#241);
#232=SHAPE_REPRESENTATION_RELATIONSHIP('SRR','None',#5461,#242);
#233=SHAPE_REPRESENTATION_RELATIONSHIP('SRR','None',#5462,#243);
#234=SHAPE_REPRESENTATION_RELATIONSHIP('SRR','None',#5463,#244);
#235=SHAPE_REPRESENTATION_RELATIONSHIP('SRR','None',#5465,#245);
#236=SHAPE_REPRESENTATION_RELATIONSHIP('SRR','None',#5466,#246);
#237=SHAPE_REPRESENTATION_RELATIONSHIP('SRR','None',#5467,#247);
#238=SHAPE_REPRESENTATION_RELATIONSHIP('SRR','None',#5468,#248);
#239=SHAPE_REPRESENTATION_RELATIONSHIP('SRR','None',#5469,#249);
#240=ADVANCED_BREP_SHAPE_REPRESENTATION('',(#263),#5402);
#241=ADVANCED_BREP_SHAPE_REPRESENTATION('',(#264),#5403);
#242=ADVANCED_BREP_SHAPE_REPRESENTATION('',(#265),#5405);
#243=ADVANCED_BREP_SHAPE_REPRESENTATION('',(#266,#267),#5406);
#244=ADVANCED_BREP_SHAPE_REPRESENTATION('',(#268),#5407);
#245=ADVANCED_BREP_SHAPE_REPRESENTATION('',(#269),#5409);
#246=ADVANCED_BREP_SHAPE_REPRESENTATION('',(#270),#5410);
#247=ADVANCED_BREP_SHAPE_REPRESENTATION('',(#271),#5411);
#248=ADVANCED_BREP_SHAPE_REPRESENTATION('',(#272,#273),#5412);
#249=ADVANCED_BREP_SHAPE_REPRESENTATION('',(#274,#275),#5413);
#250=STYLED_ITEM('',(#5526),#263);
#251=STYLED_ITEM('',(#5526),#264);
#252=STYLED_ITEM('',(#5526),#265);
#253=STYLED_ITEM('',(#5526),#266);
#254=STYLED_ITEM('',(#5526),#267);
#255=STYLED_ITEM('',(#5526),#268);
#256=STYLED_ITEM('',(#5526),#269);
#257=STYLED_ITEM('',(#5526),#270);
#258=STYLED_ITEM('',(#5526),#271);
#259=STYLED_ITEM('',(#5526),#272);
#260=STYLED_ITEM('',(#5526),#273);
#261=STYLED_ITEM('',(#5526),#274);
#262=STYLED_ITEM('',(#5526),#275);
#263=MANIFOLD_SOLID_BREP('K\X\F6rper1',#2963);
#264=MANIFOLD_SOLID_BREP('K\X\F6rper1',#2964);
#265=MANIFOLD_SOLID_BREP('K\X\F6rper1',#2965);
#266=MANIFOLD_SOLID_BREP('K\X\F6rper1',#2966);
#267=MANIFOLD_SOLID_BREP('K\X\F6rper2',#2967);
#268=MANIFOLD_SOLID_BREP('K\X\F6rper1',#2968);
#269=MANIFOLD_SOLID_BREP('K\X\F6rper1',#2969);
#270=MANIFOLD_SOLID_BREP('K\X\F6rper1',#2970);
#271=MANIFOLD_SOLID_BREP('K\X\F6rper1',#2971);
#272=MANIFOLD_SOLID_BREP('K\X\F6rper1',#2972);
#273=MANIFOLD_SOLID_BREP('K\X\F6rper2',#2973);
#274=MANIFOLD_SOLID_BREP('K\X\F6rper1',#2974);
#275=MANIFOLD_SOLID_BREP('K\X\F6rper2',#2975);
#276=FACE_OUTER_BOUND('',#446,.T.);
#277=FACE_OUTER_BOUND('',#447,.T.);
#278=FACE_OUTER_BOUND('',#448,.T.);
#279=FACE_OUTER_BOUND('',#449,.T.);
#280=FACE_OUTER_BOUND('',#450,.T.);
#281=FACE_OUTER_BOUND('',#451,.T.);
#282=FACE_OUTER_BOUND('',#452,.T.);
#283=FACE_OUTER_BOUND('',#453,.T.);
#284=FACE_OUTER_BOUND('',#454,.T.);
#285=FACE_OUTER_BOUND('',#455,.T.);
#286=FACE_OUTER_BOUND('',#456,.T.);
#287=FACE_OUTER_BOUND('',#457,.T.);
#288=FACE_OUTER_BOUND('',#458,.T.);
#289=FACE_OUTER_BOUND('',#459,.T.);
#290=FACE_OUTER_BOUND('',#460,.T.);
#291=FACE_OUTER_BOUND('',#461,.T.);
#292=FACE_OUTER_BOUND('',#462,.T.);
#293=FACE_OUTER_BOUND('',#463,.T.);
#294=FACE_OUTER_BOUND('',#464,.T.);
#295=FACE_OUTER_BOUND('',#465,.T.);
#296=FACE_OUTER_BOUND('',#466,.T.);
#297=FACE_OUTER_BOUND('',#468,.T.);
#298=FACE_OUTER_BOUND('',#469,.T.);
#299=FACE_OUTER_BOUND('',#470,.T.);
#300=FACE_OUTER_BOUND('',#471,.T.);
#301=FACE_OUTER_BOUND('',#472,.T.);
#302=FACE_OUTER_BOUND('',#473,.T.);
#303=FACE_OUTER_BOUND('',#474,.T.);
#304=FACE_OUTER_BOUND('',#475,.T.);
#305=FACE_OUTER_BOUND('',#476,.T.);
#306=FACE_OUTER_BOUND('',#477,.T.);
#307=FACE_OUTER_BOUND('',#480,.T.);
#308=FACE_OUTER_BOUND('',#482,.T.);
#309=FACE_OUTER_BOUND('',#483,.T.);
#310=FACE_OUTER_BOUND('',#484,.T.);
#311=FACE_OUTER_BOUND('',#485,.T.);
#312=FACE_OUTER_BOUND('',#486,.T.);
#313=FACE_OUTER_BOUND('',#488,.T.);
#314=FACE_OUTER_BOUND('',#489,.T.);
#315=FACE_OUTER_BOUND('',#491,.T.);
#316=FACE_OUTER_BOUND('',#492,.T.);
#317=FACE_OUTER_BOUND('',#495,.T.);
#318=FACE_OUTER_BOUND('',#496,.T.);
#319=FACE_OUTER_BOUND('',#497,.T.);
#320=FACE_OUTER_BOUND('',#498,.T.);
#321=FACE_OUTER_BOUND('',#499,.T.);
#322=FACE_OUTER_BOUND('',#500,.T.);
#323=FACE_OUTER_BOUND('',#501,.T.);
#324=FACE_OUTER_BOUND('',#502,.T.);
#325=FACE_OUTER_BOUND('',#503,.T.);
#326=FACE_OUTER_BOUND('',#506,.T.);
#327=FACE_OUTER_BOUND('',#507,.T.);
#328=FACE_OUTER_BOUND('',#508,.T.);
#329=FACE_OUTER_BOUND('',#509,.T.);
#330=FACE_OUTER_BOUND('',#510,.T.);
#331=FACE_OUTER_BOUND('',#513,.T.);
#332=FACE_OUTER_BOUND('',#514,.T.);
#333=FACE_OUTER_BOUND('',#515,.T.);
#334=FACE_OUTER_BOUND('',#516,.T.);
#335=FACE_OUTER_BOUND('',#519,.T.);
#336=FACE_OUTER_BOUND('',#522,.T.);
#337=FACE_OUTER_BOUND('',#523,.T.);
#338=FACE_OUTER_BOUND('',#524,.T.);
#339=FACE_OUTER_BOUND('',#525,.T.);
#340=FACE_OUTER_BOUND('',#526,.T.);
#341=FACE_OUTER_BOUND('',#527,.T.);
#342=FACE_OUTER_BOUND('',#528,.T.);
#343=FACE_OUTER_BOUND('',#531,.T.);
#344=FACE_OUTER_BOUND('',#532,.T.);
#345=FACE_OUTER_BOUND('',#533,.T.);
#346=FACE_OUTER_BOUND('',#534,.T.);
#347=FACE_OUTER_BOUND('',#535,.T.);
#348=FACE_OUTER_BOUND('',#538,.T.);
#349=FACE_OUTER_BOUND('',#539,.T.);
#350=FACE_OUTER_BOUND('',#540,.T.);
#351=FACE_OUTER_BOUND('',#541,.T.);
#352=FACE_OUTER_BOUND('',#542,.T.);
#353=FACE_OUTER_BOUND('',#543,.T.);
#354=FACE_OUTER_BOUND('',#546,.T.);
#355=FACE_OUTER_BOUND('',#549,.T.);
#356=FACE_OUTER_BOUND('',#550,.T.);
#357=FACE_OUTER_BOUND('',#551,.T.);
#358=FACE_OUTER_BOUND('',#552,.T.);
#359=FACE_OUTER_BOUND('',#553,.T.);
#360=FACE_OUTER_BOUND('',#554,.T.);
#361=FACE_OUTER_BOUND('',#555,.T.);
#362=FACE_OUTER_BOUND('',#556,.T.);
#363=FACE_OUTER_BOUND('',#557,.T.);
#364=FACE_OUTER_BOUND('',#558,.T.);
#365=FACE_OUTER_BOUND('',#559,.T.);
#366=FACE_OUTER_BOUND('',#560,.T.);
#367=FACE_OUTER_BOUND('',#561,.T.);
#368=FACE_OUTER_BOUND('',#562,.T.);
#369=FACE_OUTER_BOUND('',#563,.T.);
#370=FACE_OUTER_BOUND('',#565,.T.);
#371=FACE_OUTER_BOUND('',#566,.T.);
#372=FACE_OUTER_BOUND('',#567,.T.);
#373=FACE_OUTER_BOUND('',#569,.T.);
#374=FACE_OUTER_BOUND('',#572,.T.);
#375=FACE_OUTER_BOUND('',#573,.T.);
#376=FACE_OUTER_BOUND('',#575,.T.);
#377=FACE_OUTER_BOUND('',#576,.T.);
#378=FACE_OUTER_BOUND('',#577,.T.);
#379=FACE_OUTER_BOUND('',#579,.T.);
#380=FACE_OUTER_BOUND('',#580,.T.);
#381=FACE_OUTER_BOUND('',#581,.T.);
#382=FACE_OUTER_BOUND('',#583,.T.);
#383=FACE_OUTER_BOUND('',#584,.T.);
#384=FACE_OUTER_BOUND('',#586,.T.);
#385=FACE_OUTER_BOUND('',#587,.T.);
#386=FACE_OUTER_BOUND('',#588,.T.);
#387=FACE_OUTER_BOUND('',#589,.T.);
#388=FACE_OUTER_BOUND('',#590,.T.);
#389=FACE_OUTER_BOUND('',#591,.T.);
#390=FACE_OUTER_BOUND('',#592,.T.);
#391=FACE_OUTER_BOUND('',#593,.T.);
#392=FACE_OUTER_BOUND('',#594,.T.);
#393=FACE_OUTER_BOUND('',#595,.T.);
#394=FACE_OUTER_BOUND('',#596,.T.);
#395=FACE_OUTER_BOUND('',#597,.T.);
#396=FACE_OUTER_BOUND('',#600,.T.);
#397=FACE_OUTER_BOUND('',#601,.T.);
#398=FACE_OUTER_BOUND('',#602,.T.);
#399=FACE_OUTER_BOUND('',#603,.T.);
#400=FACE_OUTER_BOUND('',#604,.T.);
#401=FACE_OUTER_BOUND('',#605,.T.);
#402=FACE_OUTER_BOUND('',#606,.T.);
#403=FACE_OUTER_BOUND('',#607,.T.);
#404=FACE_OUTER_BOUND('',#608,.T.);
#405=FACE_OUTER_BOUND('',#609,.T.);
#406=FACE_OUTER_BOUND('',#611,.T.);
#407=FACE_OUTER_BOUND('',#612,.T.);
#408=FACE_OUTER_BOUND('',#613,.T.);
#409=FACE_OUTER_BOUND('',#614,.T.);
#410=FACE_OUTER_BOUND('',#615,.T.);
#411=FACE_OUTER_BOUND('',#616,.T.);
#412=FACE_OUTER_BOUND('',#617,.T.);
#413=FACE_OUTER_BOUND('',#618,.T.);
#414=FACE_OUTER_BOUND('',#619,.T.);
#415=FACE_OUTER_BOUND('',#620,.T.);
#416=FACE_OUTER_BOUND('',#621,.T.);
#417=FACE_OUTER_BOUND('',#622,.T.);
#418=FACE_OUTER_BOUND('',#623,.T.);
#419=FACE_OUTER_BOUND('',#624,.T.);
#420=FACE_OUTER_BOUND('',#625,.T.);
#421=FACE_OUTER_BOUND('',#626,.T.);
#422=FACE_OUTER_BOUND('',#627,.T.);
#423=FACE_OUTER_BOUND('',#628,.T.);
#424=FACE_OUTER_BOUND('',#629,.T.);
#425=FACE_OUTER_BOUND('',#630,.T.);
#426=FACE_OUTER_BOUND('',#631,.T.);
#427=FACE_OUTER_BOUND('',#632,.T.);
#428=FACE_OUTER_BOUND('',#633,.T.);
#429=FACE_OUTER_BOUND('',#634,.T.);
#430=FACE_OUTER_BOUND('',#635,.T.);
#431=FACE_OUTER_BOUND('',#636,.T.);
#432=FACE_OUTER_BOUND('',#637,.T.);
#433=FACE_OUTER_BOUND('',#638,.T.);
#434=FACE_OUTER_BOUND('',#639,.T.);
#435=FACE_OUTER_BOUND('',#640,.T.);
#436=FACE_OUTER_BOUND('',#641,.T.);
#437=FACE_OUTER_BOUND('',#642,.T.);
#438=FACE_OUTER_BOUND('',#643,.T.);
#439=FACE_OUTER_BOUND('',#644,.T.);
#440=FACE_OUTER_BOUND('',#645,.T.);
#441=FACE_OUTER_BOUND('',#646,.T.);
#442=FACE_OUTER_BOUND('',#647,.T.);
#443=FACE_OUTER_BOUND('',#648,.T.);
#444=FACE_OUTER_BOUND('',#649,.T.);
#445=FACE_OUTER_BOUND('',#650,.T.);
#446=EDGE_LOOP('',(#1890,#1891,#1892,#1893));
#447=EDGE_LOOP('',(#1894,#1895,#1896,#1897));
#448=EDGE_LOOP('',(#1898,#1899,#1900,#1901));
#449=EDGE_LOOP('',(#1902,#1903,#1904,#1905));
#450=EDGE_LOOP('',(#1906,#1907,#1908,#1909));
#451=EDGE_LOOP('',(#1910,#1911,#1912,#1913));
#452=EDGE_LOOP('',(#1914,#1915,#1916,#1917));
#453=EDGE_LOOP('',(#1918,#1919,#1920,#1921));
#454=EDGE_LOOP('',(#1922,#1923,#1924,#1925));
#455=EDGE_LOOP('',(#1926,#1927,#1928,#1929));
#456=EDGE_LOOP('',(#1930,#1931,#1932,#1933));
#457=EDGE_LOOP('',(#1934,#1935,#1936,#1937));
#458=EDGE_LOOP('',(#1938,#1939,#1940,#1941));
#459=EDGE_LOOP('',(#1942,#1943,#1944,#1945));
#460=EDGE_LOOP('',(#1946,#1947,#1948,#1949));
#461=EDGE_LOOP('',(#1950,#1951,#1952,#1953));
#462=EDGE_LOOP('',(#1954,#1955,#1956,#1957));
#463=EDGE_LOOP('',(#1958,#1959,#1960,#1961));
#464=EDGE_LOOP('',(#1962,#1963,#1964,#1965));
#465=EDGE_LOOP('',(#1966,#1967,#1968,#1969));
#466=EDGE_LOOP('',(#1970,#1971,#1972,#1973));
#467=EDGE_LOOP('',(#1974,#1975,#1976,#1977));
#468=EDGE_LOOP('',(#1978,#1979,#1980,#1981));
#469=EDGE_LOOP('',(#1982,#1983,#1984,#1985));
#470=EDGE_LOOP('',(#1986,#1987,#1988,#1989));
#471=EDGE_LOOP('',(#1990,#1991,#1992,#1993));
#472=EDGE_LOOP('',(#1994,#1995,#1996,#1997));
#473=EDGE_LOOP('',(#1998,#1999,#2000,#2001));
#474=EDGE_LOOP('',(#2002,#2003,#2004,#2005));
#475=EDGE_LOOP('',(#2006,#2007,#2008,#2009));
#476=EDGE_LOOP('',(#2010,#2011,#2012,#2013));
#477=EDGE_LOOP('',(#2014,#2015,#2016,#2017));
#478=EDGE_LOOP('',(#2018,#2019,#2020,#2021));
#479=EDGE_LOOP('',(#2022,#2023,#2024,#2025));
#480=EDGE_LOOP('',(#2026,#2027,#2028,#2029));
#481=EDGE_LOOP('',(#2030,#2031,#2032,#2033));
#482=EDGE_LOOP('',(#2034,#2035,#2036,#2037));
#483=EDGE_LOOP('',(#2038,#2039,#2040,#2041));
#484=EDGE_LOOP('',(#2042,#2043,#2044,#2045));
#485=EDGE_LOOP('',(#2046,#2047,#2048,#2049));
#486=EDGE_LOOP('',(#2050,#2051,#2052,#2053));
#487=EDGE_LOOP('',(#2054,#2055,#2056,#2057));
#488=EDGE_LOOP('',(#2058,#2059,#2060,#2061));
#489=EDGE_LOOP('',(#2062,#2063,#2064,#2065));
#490=EDGE_LOOP('',(#2066,#2067,#2068,#2069));
#491=EDGE_LOOP('',(#2070,#2071,#2072,#2073));
#492=EDGE_LOOP('',(#2074,#2075,#2076,#2077));
#493=EDGE_LOOP('',(#2078,#2079,#2080,#2081));
#494=EDGE_LOOP('',(#2082,#2083,#2084,#2085));
#495=EDGE_LOOP('',(#2086,#2087,#2088,#2089));
#496=EDGE_LOOP('',(#2090,#2091,#2092,#2093));
#497=EDGE_LOOP('',(#2094,#2095,#2096,#2097));
#498=EDGE_LOOP('',(#2098,#2099,#2100,#2101));
#499=EDGE_LOOP('',(#2102,#2103,#2104,#2105));
#500=EDGE_LOOP('',(#2106,#2107,#2108,#2109));
#501=EDGE_LOOP('',(#2110,#2111,#2112,#2113));
#502=EDGE_LOOP('',(#2114,#2115,#2116,#2117));
#503=EDGE_LOOP('',(#2118,#2119,#2120,#2121));
#504=EDGE_LOOP('',(#2122));
#505=EDGE_LOOP('',(#2123));
#506=EDGE_LOOP('',(#2124,#2125,#2126,#2127));
#507=EDGE_LOOP('',(#2128,#2129,#2130,#2131));
#508=EDGE_LOOP('',(#2132,#2133,#2134,#2135));
#509=EDGE_LOOP('',(#2136,#2137,#2138,#2139));
#510=EDGE_LOOP('',(#2140,#2141,#2142,#2143));
#511=EDGE_LOOP('',(#2144));
#512=EDGE_LOOP('',(#2145));
#513=EDGE_LOOP('',(#2146,#2147,#2148,#2149));
#514=EDGE_LOOP('',(#2150,#2151,#2152,#2153));
#515=EDGE_LOOP('',(#2154,#2155,#2156,#2157));
#516=EDGE_LOOP('',(#2158,#2159,#2160,#2161));
#517=EDGE_LOOP('',(#2162));
#518=EDGE_LOOP('',(#2163));
#519=EDGE_LOOP('',(#2164,#2165,#2166,#2167));
#520=EDGE_LOOP('',(#2168));
#521=EDGE_LOOP('',(#2169));
#522=EDGE_LOOP('',(#2170,#2171,#2172,#2173));
#523=EDGE_LOOP('',(#2174,#2175,#2176,#2177));
#524=EDGE_LOOP('',(#2178,#2179,#2180,#2181));
#525=EDGE_LOOP('',(#2182,#2183,#2184,#2185,#2186,#2187,#2188));
#526=EDGE_LOOP('',(#2189,#2190,#2191,#2192,#2193,#2194,#2195));
#527=EDGE_LOOP('',(#2196,#2197,#2198,#2199));
#528=EDGE_LOOP('',(#2200,#2201,#2202,#2203));
#529=EDGE_LOOP('',(#2204));
#530=EDGE_LOOP('',(#2205));
#531=EDGE_LOOP('',(#2206,#2207,#2208,#2209));
#532=EDGE_LOOP('',(#2210,#2211,#2212,#2213));
#533=EDGE_LOOP('',(#2214,#2215,#2216,#2217));
#534=EDGE_LOOP('',(#2218,#2219,#2220,#2221));
#535=EDGE_LOOP('',(#2222,#2223,#2224,#2225));
#536=EDGE_LOOP('',(#2226));
#537=EDGE_LOOP('',(#2227));
#538=EDGE_LOOP('',(#2228,#2229,#2230,#2231));
#539=EDGE_LOOP('',(#2232,#2233,#2234,#2235));
#540=EDGE_LOOP('',(#2236,#2237,#2238,#2239));
#541=EDGE_LOOP('',(#2240,#2241,#2242,#2243));
#542=EDGE_LOOP('',(#2244,#2245,#2246,#2247));
#543=EDGE_LOOP('',(#2248,#2249,#2250,#2251));
#544=EDGE_LOOP('',(#2252));
#545=EDGE_LOOP('',(#2253));
#546=EDGE_LOOP('',(#2254,#2255,#2256,#2257));
#547=EDGE_LOOP('',(#2258));
#548=EDGE_LOOP('',(#2259));
#549=EDGE_LOOP('',(#2260,#2261,#2262,#2263));
#550=EDGE_LOOP('',(#2264,#2265,#2266,#2267,#2268,#2269,#2270));
#551=EDGE_LOOP('',(#2271,#2272,#2273,#2274,#2275,#2276,#2277));
#552=EDGE_LOOP('',(#2278,#2279,#2280,#2281));
#553=EDGE_LOOP('',(#2282,#2283,#2284,#2285));
#554=EDGE_LOOP('',(#2286,#2287,#2288,#2289));
#555=EDGE_LOOP('',(#2290,#2291,#2292,#2293));
#556=EDGE_LOOP('',(#2294,#2295,#2296,#2297));
#557=EDGE_LOOP('',(#2298,#2299,#2300,#2301));
#558=EDGE_LOOP('',(#2302,#2303,#2304,#2305,#2306,#2307,#2308,#2309));
#559=EDGE_LOOP('',(#2310,#2311,#2312,#2313,#2314,#2315,#2316,#2317));
#560=EDGE_LOOP('',(#2318,#2319,#2320,#2321,#2322,#2323,#2324,#2325));
#561=EDGE_LOOP('',(#2326,#2327,#2328,#2329,#2330,#2331,#2332,#2333));
#562=EDGE_LOOP('',(#2334,#2335,#2336,#2337));
#563=EDGE_LOOP('',(#2338));
#564=EDGE_LOOP('',(#2339));
#565=EDGE_LOOP('',(#2340));
#566=EDGE_LOOP('',(#2341,#2342,#2343,#2344));
#567=EDGE_LOOP('',(#2345));
#568=EDGE_LOOP('',(#2346));
#569=EDGE_LOOP('',(#2347,#2348,#2349,#2350,#2351,#2352,#2353,#2354,#2355,
#2356));
#570=EDGE_LOOP('',(#2357));
#571=EDGE_LOOP('',(#2358));
#572=EDGE_LOOP('',(#2359,#2360,#2361,#2362));
#573=EDGE_LOOP('',(#2363));
#574=EDGE_LOOP('',(#2364));
#575=EDGE_LOOP('',(#2365));
#576=EDGE_LOOP('',(#2366,#2367,#2368,#2369));
#577=EDGE_LOOP('',(#2370));
#578=EDGE_LOOP('',(#2371));
#579=EDGE_LOOP('',(#2372));
#580=EDGE_LOOP('',(#2373,#2374,#2375,#2376));
#581=EDGE_LOOP('',(#2377));
#582=EDGE_LOOP('',(#2378));
#583=EDGE_LOOP('',(#2379,#2380,#2381,#2382));
#584=EDGE_LOOP('',(#2383));
#585=EDGE_LOOP('',(#2384));
#586=EDGE_LOOP('',(#2385,#2386,#2387,#2388));
#587=EDGE_LOOP('',(#2389));
#588=EDGE_LOOP('',(#2390,#2391,#2392,#2393));
#589=EDGE_LOOP('',(#2394,#2395,#2396,#2397,#2398,#2399));
#590=EDGE_LOOP('',(#2400,#2401,#2402,#2403));
#591=EDGE_LOOP('',(#2404,#2405,#2406,#2407,#2408,#2409,#2410,#2411));
#592=EDGE_LOOP('',(#2412,#2413,#2414,#2415));
#593=EDGE_LOOP('',(#2416,#2417,#2418,#2419,#2420,#2421));
#594=EDGE_LOOP('',(#2422,#2423,#2424,#2425));
#595=EDGE_LOOP('',(#2426,#2427,#2428,#2429,#2430,#2431));
#596=EDGE_LOOP('',(#2432,#2433,#2434,#2435));
#597=EDGE_LOOP('',(#2436,#2437,#2438,#2439,#2440,#2441,#2442,#2443));
#598=EDGE_LOOP('',(#2444));
#599=EDGE_LOOP('',(#2445));
#600=EDGE_LOOP('',(#2446,#2447,#2448,#2449));
#601=EDGE_LOOP('',(#2450,#2451,#2452,#2453));
#602=EDGE_LOOP('',(#2454,#2455,#2456,#2457));
#603=EDGE_LOOP('',(#2458,#2459,#2460,#2461));
#604=EDGE_LOOP('',(#2462,#2463,#2464,#2465));
#605=EDGE_LOOP('',(#2466,#2467,#2468,#2469));
#606=EDGE_LOOP('',(#2470,#2471,#2472,#2473));
#607=EDGE_LOOP('',(#2474,#2475,#2476,#2477));
#608=EDGE_LOOP('',(#2478,#2479,#2480,#2481));
#609=EDGE_LOOP('',(#2482,#2483,#2484,#2485));
#610=EDGE_LOOP('',(#2486,#2487,#2488,#2489));
#611=EDGE_LOOP('',(#2490,#2491,#2492,#2493));
#612=EDGE_LOOP('',(#2494,#2495,#2496,#2497));
#613=EDGE_LOOP('',(#2498));
#614=EDGE_LOOP('',(#2499));
#615=EDGE_LOOP('',(#2500,#2501,#2502,#2503));
#616=EDGE_LOOP('',(#2504,#2505,#2506,#2507));
#617=EDGE_LOOP('',(#2508,#2509,#2510,#2511));
#618=EDGE_LOOP('',(#2512,#2513,#2514,#2515));
#619=EDGE_LOOP('',(#2516,#2517,#2518,#2519));
#620=EDGE_LOOP('',(#2520,#2521,#2522,#2523));
#621=EDGE_LOOP('',(#2524,#2525,#2526,#2527));
#622=EDGE_LOOP('',(#2528,#2529,#2530,#2531,#2532,#2533,#2534));
#623=EDGE_LOOP('',(#2535,#2536,#2537,#2538,#2539,#2540,#2541));
#624=EDGE_LOOP('',(#2542,#2543,#2544,#2545));
#625=EDGE_LOOP('',(#2546,#2547,#2548,#2549));
#626=EDGE_LOOP('',(#2550,#2551,#2552,#2553));
#627=EDGE_LOOP('',(#2554,#2555,#2556,#2557));
#628=EDGE_LOOP('',(#2558,#2559,#2560,#2561));
#629=EDGE_LOOP('',(#2562,#2563,#2564,#2565));
#630=EDGE_LOOP('',(#2566,#2567,#2568,#2569));
#631=EDGE_LOOP('',(#2570,#2571,#2572,#2573,#2574,#2575,#2576));
#632=EDGE_LOOP('',(#2577,#2578,#2579,#2580,#2581,#2582,#2583));
#633=EDGE_LOOP('',(#2584,#2585,#2586,#2587));
#634=EDGE_LOOP('',(#2588,#2589,#2590,#2591));
#635=EDGE_LOOP('',(#2592,#2593,#2594,#2595));
#636=EDGE_LOOP('',(#2596,#2597,#2598,#2599));
#637=EDGE_LOOP('',(#2600,#2601,#2602,#2603));
#638=EDGE_LOOP('',(#2604,#2605,#2606,#2607));
#639=EDGE_LOOP('',(#2608,#2609,#2610,#2611));
#640=EDGE_LOOP('',(#2612,#2613,#2614,#2615,#2616,#2617,#2618));
#641=EDGE_LOOP('',(#2619,#2620,#2621,#2622,#2623,#2624,#2625));
#642=EDGE_LOOP('',(#2626,#2627,#2628,#2629));
#643=EDGE_LOOP('',(#2630,#2631,#2632,#2633));
#644=EDGE_LOOP('',(#2634,#2635,#2636,#2637));
#645=EDGE_LOOP('',(#2638,#2639,#2640,#2641));
#646=EDGE_LOOP('',(#2642,#2643,#2644,#2645));
#647=EDGE_LOOP('',(#2646,#2647,#2648,#2649));
#648=EDGE_LOOP('',(#2650,#2651,#2652,#2653));
#649=EDGE_LOOP('',(#2654,#2655,#2656,#2657,#2658,#2659,#2660));
#650=EDGE_LOOP('',(#2661,#2662,#2663,#2664,#2665,#2666,#2667));
#651=LINE('',#4197,#949);
#652=LINE('',#4199,#950);
#653=LINE('',#4201,#951);
#654=LINE('',#4202,#952);
#655=LINE('',#4205,#953);
#656=LINE('',#4207,#954);
#657=LINE('',#4208,#955);
#658=LINE('',#4211,#956);
#659=LINE('',#4213,#957);
#660=LINE('',#4214,#958);
#661=LINE('',#4216,#959);
#662=LINE('',#4217,#960);
#663=LINE('',#4224,#961);
#664=LINE('',#4226,#962);
#665=LINE('',#4228,#963);
#666=LINE('',#4229,#964);
#667=LINE('',#4234,#965);
#668=LINE('',#4238,#966);
#669=LINE('',#4240,#967);
#670=LINE('',#4241,#968);
#671=LINE('',#4248,#969);
#672=LINE('',#4250,#970);
#673=LINE('',#4252,#971);
#674=LINE('',#4253,#972);
#675=LINE('',#4258,#973);
#676=LINE('',#4262,#974);
#677=LINE('',#4264,#975);
#678=LINE('',#4265,#976);
#679=LINE('',#4272,#977);
#680=LINE('',#4276,#978);
#681=LINE('',#4280,#979);
#682=LINE('',#4283,#980);
#683=LINE('',#4286,#981);
#684=LINE('',#4289,#982);
#685=LINE('',#4291,#983);
#686=LINE('',#4292,#984);
#687=LINE('',#4295,#985);
#688=LINE('',#4297,#986);
#689=LINE('',#4298,#987);
#690=LINE('',#4301,#988);
#691=LINE('',#4302,#989);
#692=LINE('',#4306,#990);
#693=LINE('',#4308,#991);
#694=LINE('',#4310,#992);
#695=LINE('',#4311,#993);
#696=LINE('',#4316,#994);
#697=LINE('',#4321,#995);
#698=LINE('',#4325,#996);
#699=LINE('',#4327,#997);
#700=LINE('',#4330,#998);
#701=LINE('',#4332,#999);
#702=LINE('',#4333,#1000);
#703=LINE('',#4336,#1001);
#704=LINE('',#4337,#1002);
#705=LINE('',#4341,#1003);
#706=LINE('',#4343,#1004);
#707=LINE('',#4345,#1005);
#708=LINE('',#4346,#1006);
#709=LINE('',#4349,#1007);
#710=LINE('',#4351,#1008);
#711=LINE('',#4352,#1009);
#712=LINE('',#4355,#1010);
#713=LINE('',#4357,#1011);
#714=LINE('',#4358,#1012);
#715=LINE('',#4360,#1013);
#716=LINE('',#4361,#1014);
#717=LINE('',#4365,#1015);
#718=LINE('',#4367,#1016);
#719=LINE('',#4369,#1017);
#720=LINE('',#4370,#1018);
#721=LINE('',#4373,#1019);
#722=LINE('',#4375,#1020);
#723=LINE('',#4376,#1021);
#724=LINE('',#4379,#1022);
#725=LINE('',#4380,#1023);
#726=LINE('',#4383,#1024);
#727=LINE('',#4384,#1025);
#728=LINE('',#4386,#1026);
#729=LINE('',#4389,#1027);
#730=LINE('',#4390,#1028);
#731=LINE('',#4392,#1029);
#732=LINE('',#4395,#1030);
#733=LINE('',#4396,#1031);
#734=LINE('',#4399,#1032);
#735=LINE('',#4406,#1033);
#736=LINE('',#4408,#1034);
#737=LINE('',#4410,#1035);
#738=LINE('',#4411,#1036);
#739=LINE('',#4414,#1037);
#740=LINE('',#4416,#1038);
#741=LINE('',#4417,#1039);
#742=LINE('',#4420,#1040);
#743=LINE('',#4421,#1041);
#744=LINE('',#4424,#1042);
#745=LINE('',#4425,#1043);
#746=LINE('',#4427,#1044);
#747=LINE('',#4434,#1045);
#748=LINE('',#4439,#1046);
#749=LINE('',#4441,#1047);
#750=LINE('',#4443,#1048);
#751=LINE('',#4444,#1049);
#752=LINE('',#4449,#1050);
#753=LINE('',#4453,#1051);
#754=LINE('',#4457,#1052);
#755=LINE('',#4463,#1053);
#756=LINE('',#4468,#1054);
#757=LINE('',#4470,#1055);
#758=LINE('',#4472,#1056);
#759=LINE('',#4473,#1057);
#760=LINE('',#4478,#1058);
#761=LINE('',#4482,#1059);
#762=LINE('',#4486,#1060);
#763=LINE('',#4491,#1061);
#764=LINE('',#4493,#1062);
#765=LINE('',#4495,#1063);
#766=LINE('',#4496,#1064);
#767=LINE('',#4499,#1065);
#768=LINE('',#4501,#1066);
#769=LINE('',#4502,#1067);
#770=LINE('',#4504,#1068);
#771=LINE('',#4505,#1069);
#772=LINE('',#4507,#1070);
#773=LINE('',#4508,#1071);
#774=LINE('',#4510,#1072);
#775=LINE('',#4511,#1073);
#776=LINE('',#4518,#1074);
#777=LINE('',#4523,#1075);
#778=LINE('',#4525,#1076);
#779=LINE('',#4527,#1077);
#780=LINE('',#4528,#1078);
#781=LINE('',#4533,#1079);
#782=LINE('',#4537,#1080);
#783=LINE('',#4541,#1081);
#784=LINE('',#4547,#1082);
#785=LINE('',#4552,#1083);
#786=LINE('',#4554,#1084);
#787=LINE('',#4556,#1085);
#788=LINE('',#4557,#1086);
#789=LINE('',#4562,#1087);
#790=LINE('',#4566,#1088);
#791=LINE('',#4570,#1089);
#792=LINE('',#4573,#1090);
#793=LINE('',#4574,#1091);
#794=LINE('',#4577,#1092);
#795=LINE('',#4579,#1093);
#796=LINE('',#4580,#1094);
#797=LINE('',#4583,#1095);
#798=LINE('',#4585,#1096);
#799=LINE('',#4586,#1097);
#800=LINE('',#4589,#1098);
#801=LINE('',#4591,#1099);
#802=LINE('',#4592,#1100);
#803=LINE('',#4594,#1101);
#804=LINE('',#4595,#1102);
#805=LINE('',#4604,#1103);
#806=LINE('',#4606,#1104);
#807=LINE('',#4608,#1105);
#808=LINE('',#4609,#1106);
#809=LINE('',#4612,#1107);
#810=LINE('',#4614,#1108);
#811=LINE('',#4615,#1109);
#812=LINE('',#4618,#1110);
#813=LINE('',#4620,#1111);
#814=LINE('',#4621,#1112);
#815=LINE('',#4623,#1113);
#816=LINE('',#4624,#1114);
#817=LINE('',#4819,#1115);
#818=LINE('',#4827,#1116);
#819=LINE('',#4831,#1117);
#820=LINE('',#4832,#1118);
#821=LINE('',#4833,#1119);
#822=LINE('',#4834,#1120);
#823=LINE('',#4843,#1121);
#824=LINE('',#4851,#1122);
#825=LINE('',#4859,#1123);
#826=LINE('',#4868,#1124);
#827=LINE('',#4874,#1125);
#828=LINE('',#4877,#1126);
#829=LINE('',#4881,#1127);
#830=LINE('',#4882,#1128);
#831=LINE('',#4883,#1129);
#832=LINE('',#4887,#1130);
#833=LINE('',#4890,#1131);
#834=LINE('',#4891,#1132);
#835=LINE('',#4895,#1133);
#836=LINE('',#4898,#1134);
#837=LINE('',#4899,#1135);
#838=LINE('',#4903,#1136);
#839=LINE('',#4906,#1137);
#840=LINE('',#4907,#1138);
#841=LINE('',#4916,#1139);
#842=LINE('',#4918,#1140);
#843=LINE('',#4920,#1141);
#844=LINE('',#4921,#1142);
#845=LINE('',#4924,#1143);
#846=LINE('',#4926,#1144);
#847=LINE('',#4927,#1145);
#848=LINE('',#4930,#1146);
#849=LINE('',#4932,#1147);
#850=LINE('',#4933,#1148);
#851=LINE('',#4935,#1149);
#852=LINE('',#4936,#1150);
#853=LINE('',#4941,#1151);
#854=LINE('',#4943,#1152);
#855=LINE('',#4945,#1153);
#856=LINE('',#4946,#1154);
#857=LINE('',#4949,#1155);
#858=LINE('',#4951,#1156);
#859=LINE('',#4952,#1157);
#860=LINE('',#4955,#1158);
#861=LINE('',#4957,#1159);
#862=LINE('',#4958,#1160);
#863=LINE('',#4960,#1161);
#864=LINE('',#4961,#1162);
#865=LINE('',#5204,#1163);
#866=LINE('',#5206,#1164);
#867=LINE('',#5208,#1165);
#868=LINE('',#5209,#1166);
#869=LINE('',#5212,#1167);
#870=LINE('',#5214,#1168);
#871=LINE('',#5215,#1169);
#872=LINE('',#5218,#1170);
#873=LINE('',#5220,#1171);
#874=LINE('',#5221,#1172);
#875=LINE('',#5224,#1173);
#876=LINE('',#5226,#1174);
#877=LINE('',#5227,#1175);
#878=LINE('',#5230,#1176);
#879=LINE('',#5232,#1177);
#880=LINE('',#5233,#1178);
#881=LINE('',#5236,#1179);
#882=LINE('',#5238,#1180);
#883=LINE('',#5239,#1181);
#884=LINE('',#5241,#1182);
#885=LINE('',#5242,#1183);
#886=LINE('',#5248,#1184);
#887=LINE('',#5250,#1185);
#888=LINE('',#5252,#1186);
#889=LINE('',#5253,#1187);
#890=LINE('',#5256,#1188);
#891=LINE('',#5258,#1189);
#892=LINE('',#5259,#1190);
#893=LINE('',#5262,#1191);
#894=LINE('',#5264,#1192);
#895=LINE('',#5265,#1193);
#896=LINE('',#5268,#1194);
#897=LINE('',#5270,#1195);
#898=LINE('',#5271,#1196);
#899=LINE('',#5274,#1197);
#900=LINE('',#5276,#1198);
#901=LINE('',#5277,#1199);
#902=LINE('',#5280,#1200);
#903=LINE('',#5282,#1201);
#904=LINE('',#5283,#1202);
#905=LINE('',#5285,#1203);
#906=LINE('',#5286,#1204);
#907=LINE('',#5293,#1205);
#908=LINE('',#5295,#1206);
#909=LINE('',#5297,#1207);
#910=LINE('',#5298,#1208);
#911=LINE('',#5301,#1209);
#912=LINE('',#5303,#1210);
#913=LINE('',#5304,#1211);
#914=LINE('',#5307,#1212);
#915=LINE('',#5309,#1213);
#916=LINE('',#5310,#1214);
#917=LINE('',#5313,#1215);
#918=LINE('',#5315,#1216);
#919=LINE('',#5316,#1217);
#920=LINE('',#5319,#1218);
#921=LINE('',#5321,#1219);
#922=LINE('',#5322,#1220);
#923=LINE('',#5325,#1221);
#924=LINE('',#5327,#1222);
#925=LINE('',#5328,#1223);
#926=LINE('',#5330,#1224);
#927=LINE('',#5331,#1225);
#928=LINE('',#5337,#1226);
#929=LINE('',#5339,#1227);
#930=LINE('',#5341,#1228);
#931=LINE('',#5342,#1229);
#932=LINE('',#5345,#1230);
#933=LINE('',#5347,#1231);
#934=LINE('',#5348,#1232);
#935=LINE('',#5351,#1233);
#936=LINE('',#5353,#1234);
#937=LINE('',#5354,#1235);
#938=LINE('',#5357,#1236);
#939=LINE('',#5359,#1237);
#940=LINE('',#5360,#1238);
#941=LINE('',#5363,#1239);
#942=LINE('',#5365,#1240);
#943=LINE('',#5366,#1241);
#944=LINE('',#5369,#1242);
#945=LINE('',#5371,#1243);
#946=LINE('',#5372,#1244);
#947=LINE('',#5374,#1245);
#948=LINE('',#5375,#1246);
#949=VECTOR('',#3362,1.);
#950=VECTOR('',#3363,1.);
#951=VECTOR('',#3364,1.);
#952=VECTOR('',#3365,1.);
#953=VECTOR('',#3368,1.);
#954=VECTOR('',#3369,1.);
#955=VECTOR('',#3370,1.);
#956=VECTOR('',#3373,1.);
#957=VECTOR('',#3374,1.);
#958=VECTOR('',#3375,1.);
#959=VECTOR('',#3378,1.);
#960=VECTOR('',#3379,1.);
#961=VECTOR('',#3388,1.);
#962=VECTOR('',#3389,1.);
#963=VECTOR('',#3390,1.);
#964=VECTOR('',#3391,1.);
#965=VECTOR('',#3396,1.);
#966=VECTOR('',#3401,1.);
#967=VECTOR('',#3402,1.);
#968=VECTOR('',#3403,1.);
#969=VECTOR('',#3412,1.);
#970=VECTOR('',#3413,1.);
#971=VECTOR('',#3414,1.);
#972=VECTOR('',#3415,1.);
#973=VECTOR('',#3420,1.);
#974=VECTOR('',#3425,1.);
#975=VECTOR('',#3426,1.);
#976=VECTOR('',#3427,1.);
#977=VECTOR('',#3436,1.);
#978=VECTOR('',#3439,1.);
#979=VECTOR('',#3444,1.);
#980=VECTOR('',#3447,1.);
#981=VECTOR('',#3450,1.);
#982=VECTOR('',#3453,1.);
#983=VECTOR('',#3456,1.);
#984=VECTOR('',#3457,1.);
#985=VECTOR('',#3460,1.);
#986=VECTOR('',#3461,1.);
#987=VECTOR('',#3462,1.);
#988=VECTOR('',#3465,1.);
#989=VECTOR('',#3466,1.);
#990=VECTOR('',#3469,1.);
#991=VECTOR('',#3470,1.);
#992=VECTOR('',#3471,1.);
#993=VECTOR('',#3472,1.);
#994=VECTOR('',#3477,1.);
#995=VECTOR('',#3484,1.);
#996=VECTOR('',#3489,1.);
#997=VECTOR('',#3492,1.);
#998=VECTOR('',#3495,1.);
#999=VECTOR('',#3496,1.);
#1000=VECTOR('',#3497,1.);
#1001=VECTOR('',#3500,1.);
#1002=VECTOR('',#3501,1.);
#1003=VECTOR('',#3504,1.);
#1004=VECTOR('',#3505,1.);
#1005=VECTOR('',#3506,1.);
#1006=VECTOR('',#3507,1.);
#1007=VECTOR('',#3510,1.);
#1008=VECTOR('',#3511,1.);
#1009=VECTOR('',#3512,1.);
#1010=VECTOR('',#3515,1.);
#1011=VECTOR('',#3516,1.);
#1012=VECTOR('',#3517,1.);
#1013=VECTOR('',#3520,1.);
#1014=VECTOR('',#3521,1.);
#1015=VECTOR('',#3524,1.);
#1016=VECTOR('',#3525,1.);
#1017=VECTOR('',#3526,1.);
#1018=VECTOR('',#3527,1.);
#1019=VECTOR('',#3530,1.);
#1020=VECTOR('',#3531,1.);
#1021=VECTOR('',#3532,1.);
#1022=VECTOR('',#3535,1.);
#1023=VECTOR('',#3536,1.);
#1024=VECTOR('',#3539,1.);
#1025=VECTOR('',#3540,1.);
#1026=VECTOR('',#3543,1.);
#1027=VECTOR('',#3546,1.);
#1028=VECTOR('',#3547,1.);
#1029=VECTOR('',#3550,1.);
#1030=VECTOR('',#3553,1.);
#1031=VECTOR('',#3554,1.);
#1032=VECTOR('',#3559,1.);
#1033=VECTOR('',#3568,1.);
#1034=VECTOR('',#3569,1.);
#1035=VECTOR('',#3570,1.);
#1036=VECTOR('',#3571,1.);
#1037=VECTOR('',#3574,1.);
#1038=VECTOR('',#3575,1.);
#1039=VECTOR('',#3576,1.);
#1040=VECTOR('',#3579,1.);
#1041=VECTOR('',#3580,1.);
#1042=VECTOR('',#3583,1.);
#1043=VECTOR('',#3584,1.);
#1044=VECTOR('',#3587,1.);
#1045=VECTOR('',#3596,0.3);
#1046=VECTOR('',#3601,1.);
#1047=VECTOR('',#3602,1.);
#1048=VECTOR('',#3603,1.);
#1049=VECTOR('',#3604,1.);
#1050=VECTOR('',#3609,0.2);
#1051=VECTOR('',#3614,0.3);
#1052=VECTOR('',#3619,0.2);
#1053=VECTOR('',#3626,0.299999999999999);
#1054=VECTOR('',#3631,1.);
#1055=VECTOR('',#3632,1.);
#1056=VECTOR('',#3633,1.);
#1057=VECTOR('',#3634,1.);
#1058=VECTOR('',#3639,0.199999999999999);
#1059=VECTOR('',#3644,0.299999999999999);
#1060=VECTOR('',#3649,0.199999999999999);
#1061=VECTOR('',#3654,1.);
#1062=VECTOR('',#3655,1.);
#1063=VECTOR('',#3656,1.);
#1064=VECTOR('',#3657,1.);
#1065=VECTOR('',#3660,1.);
#1066=VECTOR('',#3661,1.);
#1067=VECTOR('',#3662,1.);
#1068=VECTOR('',#3665,1.);
#1069=VECTOR('',#3666,1.);
#1070=VECTOR('',#3669,1.);
#1071=VECTOR('',#3670,1.);
#1072=VECTOR('',#3673,1.);
#1073=VECTOR('',#3674,1.);
#1074=VECTOR('',#3683,0.299999999999999);
#1075=VECTOR('',#3688,1.);
#1076=VECTOR('',#3689,1.);
#1077=VECTOR('',#3690,1.);
#1078=VECTOR('',#3691,1.);
#1079=VECTOR('',#3696,0.199999999999999);
#1080=VECTOR('',#3701,0.299999999999999);
#1081=VECTOR('',#3706,0.199999999999999);
#1082=VECTOR('',#3713,0.3);
#1083=VECTOR('',#3718,1.);
#1084=VECTOR('',#3719,1.);
#1085=VECTOR('',#3720,1.);
#1086=VECTOR('',#3721,1.);
#1087=VECTOR('',#3726,0.2);
#1088=VECTOR('',#3731,0.3);
#1089=VECTOR('',#3736,0.2);
#1090=VECTOR('',#3741,1.);
#1091=VECTOR('',#3742,1.);
#1092=VECTOR('',#3745,1.);
#1093=VECTOR('',#3746,1.);
#1094=VECTOR('',#3747,1.);
#1095=VECTOR('',#3750,1.);
#1096=VECTOR('',#3751,1.);
#1097=VECTOR('',#3752,1.);
#1098=VECTOR('',#3755,1.);
#1099=VECTOR('',#3756,1.);
#1100=VECTOR('',#3757,1.);
#1101=VECTOR('',#3760,1.);
#1102=VECTOR('',#3761,1.);
#1103=VECTOR('',#3774,1.);
#1104=VECTOR('',#3775,1.);
#1105=VECTOR('',#3776,1.);
#1106=VECTOR('',#3777,1.);
#1107=VECTOR('',#3780,1.);
#1108=VECTOR('',#3781,1.);
#1109=VECTOR('',#3782,1.);
#1110=VECTOR('',#3785,1.);
#1111=VECTOR('',#3786,1.);
#1112=VECTOR('',#3787,1.);
#1113=VECTOR('',#3790,1.);
#1114=VECTOR('',#3791,1.);
#1115=VECTOR('',#3840,0.11);
#1116=VECTOR('',#3851,0.11);
#1117=VECTOR('',#3858,1.);
#1118=VECTOR('',#3859,1.);
#1119=VECTOR('',#3860,1.);
#1120=VECTOR('',#3861,1.);
#1121=VECTOR('',#3870,0.11);
#1122=VECTOR('',#3881,0.11);
#1123=VECTOR('',#3892,0.4);
#1124=VECTOR('',#3903,0.4);
#1125=VECTOR('',#3912,0.75);
#1126=VECTOR('',#3917,0.75);
#1127=VECTOR('',#3920,1.);
#1128=VECTOR('',#3921,1.);
#1129=VECTOR('',#3922,1.);
#1130=VECTOR('',#3927,1.);
#1131=VECTOR('',#3930,1.);
#1132=VECTOR('',#3931,1.);
#1133=VECTOR('',#3936,1.);
#1134=VECTOR('',#3939,1.);
#1135=VECTOR('',#3940,1.);
#1136=VECTOR('',#3945,1.);
#1137=VECTOR('',#3948,1.);
#1138=VECTOR('',#3949,1.);
#1139=VECTOR('',#3962,1.);
#1140=VECTOR('',#3963,1.);
#1141=VECTOR('',#3964,1.);
#1142=VECTOR('',#3965,1.);
#1143=VECTOR('',#3968,1.);
#1144=VECTOR('',#3969,1.);
#1145=VECTOR('',#3970,1.);
#1146=VECTOR('',#3973,1.);
#1147=VECTOR('',#3974,1.);
#1148=VECTOR('',#3975,1.);
#1149=VECTOR('',#3978,1.);
#1150=VECTOR('',#3979,1.);
#1151=VECTOR('',#3984,1.);
#1152=VECTOR('',#3985,1.);
#1153=VECTOR('',#3986,1.);
#1154=VECTOR('',#3987,1.);
#1155=VECTOR('',#3990,1.);
#1156=VECTOR('',#3991,1.);
#1157=VECTOR('',#3992,1.);
#1158=VECTOR('',#3995,1.);
#1159=VECTOR('',#3996,1.);
#1160=VECTOR('',#3997,1.);
#1161=VECTOR('',#4000,1.);
#1162=VECTOR('',#4001,1.);
#1163=VECTOR('',#4018,1.);
#1164=VECTOR('',#4019,1.);
#1165=VECTOR('',#4020,1.);
#1166=VECTOR('',#4021,1.);
#1167=VECTOR('',#4024,1.);
#1168=VECTOR('',#4025,1.);
#1169=VECTOR('',#4026,1.);
#1170=VECTOR('',#4029,1.);
#1171=VECTOR('',#4030,1.);
#1172=VECTOR('',#4031,1.);
#1173=VECTOR('',#4034,1.);
#1174=VECTOR('',#4035,1.);
#1175=VECTOR('',#4036,1.);
#1176=VECTOR('',#4039,1.);
#1177=VECTOR('',#4040,1.);
#1178=VECTOR('',#4041,1.);
#1179=VECTOR('',#4044,1.);
#1180=VECTOR('',#4045,1.);
#1181=VECTOR('',#4046,1.);
#1182=VECTOR('',#4049,1.);
#1183=VECTOR('',#4050,1.);
#1184=VECTOR('',#4057,1.);
#1185=VECTOR('',#4058,1.);
#1186=VECTOR('',#4059,1.);
#1187=VECTOR('',#4060,1.);
#1188=VECTOR('',#4063,1.);
#1189=VECTOR('',#4064,1.);
#1190=VECTOR('',#4065,1.);
#1191=VECTOR('',#4068,1.);
#1192=VECTOR('',#4069,1.);
#1193=VECTOR('',#4070,1.);
#1194=VECTOR('',#4073,1.);
#1195=VECTOR('',#4074,1.);
#1196=VECTOR('',#4075,1.);
#1197=VECTOR('',#4078,1.);
#1198=VECTOR('',#4079,1.);
#1199=VECTOR('',#4080,1.);
#1200=VECTOR('',#4083,1.);
#1201=VECTOR('',#4084,1.);
#1202=VECTOR('',#4085,1.);
#1203=VECTOR('',#4088,1.);
#1204=VECTOR('',#4089,1.);
#1205=VECTOR('',#4098,1.);
#1206=VECTOR('',#4099,1.);
#1207=VECTOR('',#4100,1.);
#1208=VECTOR('',#4101,1.);
#1209=VECTOR('',#4104,1.);
#1210=VECTOR('',#4105,1.);
#1211=VECTOR('',#4106,1.);
#1212=VECTOR('',#4109,1.);
#1213=VECTOR('',#4110,1.);
#1214=VECTOR('',#4111,1.);
#1215=VECTOR('',#4114,1.);
#1216=VECTOR('',#4115,1.);
#1217=VECTOR('',#4116,1.);
#1218=VECTOR('',#4119,1.);
#1219=VECTOR('',#4120,1.);
#1220=VECTOR('',#4121,1.);
#1221=VECTOR('',#4124,1.);
#1222=VECTOR('',#4125,1.);
#1223=VECTOR('',#4126,1.);
#1224=VECTOR('',#4129,1.);
#1225=VECTOR('',#4130,1.);
#1226=VECTOR('',#4137,1.);
#1227=VECTOR('',#4138,1.);
#1228=VECTOR('',#4139,1.);
#1229=VECTOR('',#4140,1.);
#1230=VECTOR('',#4143,1.);
#1231=VECTOR('',#4144,1.);
#1232=VECTOR('',#4145,1.);
#1233=VECTOR('',#4148,1.);
#1234=VECTOR('',#4149,1.);
#1235=VECTOR('',#4150,1.);
#1236=VECTOR('',#4153,1.);
#1237=VECTOR('',#4154,1.);
#1238=VECTOR('',#4155,1.);
#1239=VECTOR('',#4158,1.);
#1240=VECTOR('',#4159,1.);
#1241=VECTOR('',#4160,1.);
#1242=VECTOR('',#4163,1.);
#1243=VECTOR('',#4164,1.);
#1244=VECTOR('',#4165,1.);
#1245=VECTOR('',#4168,1.);
#1246=VECTOR('',#4169,1.);
#1247=VERTEX_POINT('',#4195);
#1248=VERTEX_POINT('',#4196);
#1249=VERTEX_POINT('',#4198);
#1250=VERTEX_POINT('',#4200);
#1251=VERTEX_POINT('',#4204);
#1252=VERTEX_POINT('',#4206);
#1253=VERTEX_POINT('',#4210);
#1254=VERTEX_POINT('',#4212);
#1255=VERTEX_POINT('',#4222);
#1256=VERTEX_POINT('',#4223);
#1257=VERTEX_POINT('',#4225);
#1258=VERTEX_POINT('',#4227);
#1259=VERTEX_POINT('',#4231);
#1260=VERTEX_POINT('',#4233);
#1261=VERTEX_POINT('',#4237);
#1262=VERTEX_POINT('',#4239);
#1263=VERTEX_POINT('',#4246);
#1264=VERTEX_POINT('',#4247);
#1265=VERTEX_POINT('',#4249);
#1266=VERTEX_POINT('',#4251);
#1267=VERTEX_POINT('',#4255);
#1268=VERTEX_POINT('',#4257);
#1269=VERTEX_POINT('',#4261);
#1270=VERTEX_POINT('',#4263);
#1271=VERTEX_POINT('',#4270);
#1272=VERTEX_POINT('',#4271);
#1273=VERTEX_POINT('',#4273);
#1274=VERTEX_POINT('',#4275);
#1275=VERTEX_POINT('',#4279);
#1276=VERTEX_POINT('',#4281);
#1277=VERTEX_POINT('',#4285);
#1278=VERTEX_POINT('',#4287);
#1279=VERTEX_POINT('',#4294);
#1280=VERTEX_POINT('',#4296);
#1281=VERTEX_POINT('',#4300);
#1282=VERTEX_POINT('',#4304);
#1283=VERTEX_POINT('',#4305);
#1284=VERTEX_POINT('',#4307);
#1285=VERTEX_POINT('',#4309);
#1286=VERTEX_POINT('',#4313);
#1287=VERTEX_POINT('',#4315);
#1288=VERTEX_POINT('',#4319);
#1289=VERTEX_POINT('',#4323);
#1290=VERTEX_POINT('',#4329);
#1291=VERTEX_POINT('',#4331);
#1292=VERTEX_POINT('',#4335);
#1293=VERTEX_POINT('',#4339);
#1294=VERTEX_POINT('',#4340);
#1295=VERTEX_POINT('',#4342);
#1296=VERTEX_POINT('',#4344);
#1297=VERTEX_POINT('',#4348);
#1298=VERTEX_POINT('',#4350);
#1299=VERTEX_POINT('',#4354);
#1300=VERTEX_POINT('',#4356);
#1301=VERTEX_POINT('',#4363);
#1302=VERTEX_POINT('',#4364);
#1303=VERTEX_POINT('',#4366);
#1304=VERTEX_POINT('',#4368);
#1305=VERTEX_POINT('',#4372);
#1306=VERTEX_POINT('',#4374);
#1307=VERTEX_POINT('',#4378);
#1308=VERTEX_POINT('',#4382);
#1309=VERTEX_POINT('',#4388);
#1310=VERTEX_POINT('',#4394);
#1311=VERTEX_POINT('',#4404);
#1312=VERTEX_POINT('',#4405);
#1313=VERTEX_POINT('',#4407);
#1314=VERTEX_POINT('',#4409);
#1315=VERTEX_POINT('',#4413);
#1316=VERTEX_POINT('',#4415);
#1317=VERTEX_POINT('',#4419);
#1318=VERTEX_POINT('',#4423);
#1319=VERTEX_POINT('',#4431);
#1320=VERTEX_POINT('',#4433);
#1321=VERTEX_POINT('',#4437);
#1322=VERTEX_POINT('',#4438);
#1323=VERTEX_POINT('',#4440);
#1324=VERTEX_POINT('',#4442);
#1325=VERTEX_POINT('',#4445);
#1326=VERTEX_POINT('',#4448);
#1327=VERTEX_POINT('',#4452);
#1328=VERTEX_POINT('',#4456);
#1329=VERTEX_POINT('',#4460);
#1330=VERTEX_POINT('',#4462);
#1331=VERTEX_POINT('',#4466);
#1332=VERTEX_POINT('',#4467);
#1333=VERTEX_POINT('',#4469);
#1334=VERTEX_POINT('',#4471);
#1335=VERTEX_POINT('',#4474);
#1336=VERTEX_POINT('',#4477);
#1337=VERTEX_POINT('',#4481);
#1338=VERTEX_POINT('',#4485);
#1339=VERTEX_POINT('',#4489);
#1340=VERTEX_POINT('',#4490);
#1341=VERTEX_POINT('',#4492);
#1342=VERTEX_POINT('',#4494);
#1343=VERTEX_POINT('',#4498);
#1344=VERTEX_POINT('',#4500);
#1345=VERTEX_POINT('',#4515);
#1346=VERTEX_POINT('',#4517);
#1347=VERTEX_POINT('',#4521);
#1348=VERTEX_POINT('',#4522);
#1349=VERTEX_POINT('',#4524);
#1350=VERTEX_POINT('',#4526);
#1351=VERTEX_POINT('',#4529);
#1352=VERTEX_POINT('',#4532);
#1353=VERTEX_POINT('',#4536);
#1354=VERTEX_POINT('',#4540);
#1355=VERTEX_POINT('',#4544);
#1356=VERTEX_POINT('',#4546);
#1357=VERTEX_POINT('',#4550);
#1358=VERTEX_POINT('',#4551);
#1359=VERTEX_POINT('',#4553);
#1360=VERTEX_POINT('',#4555);
#1361=VERTEX_POINT('',#4558);
#1362=VERTEX_POINT('',#4561);
#1363=VERTEX_POINT('',#4565);
#1364=VERTEX_POINT('',#4569);
#1365=VERTEX_POINT('',#4576);
#1366=VERTEX_POINT('',#4578);
#1367=VERTEX_POINT('',#4582);
#1368=VERTEX_POINT('',#4584);
#1369=VERTEX_POINT('',#4588);
#1370=VERTEX_POINT('',#4590);
#1371=VERTEX_POINT('',#4602);
#1372=VERTEX_POINT('',#4603);
#1373=VERTEX_POINT('',#4605);
#1374=VERTEX_POINT('',#4607);
#1375=VERTEX_POINT('',#4611);
#1376=VERTEX_POINT('',#4613);
#1377=VERTEX_POINT('',#4617);
#1378=VERTEX_POINT('',#4619);
#1379=VERTEX_POINT('',#4630);
#1380=VERTEX_POINT('',#4632);
#1381=VERTEX_POINT('',#4634);
#1382=VERTEX_POINT('',#4636);
#1383=VERTEX_POINT('',#4649);
#1384=VERTEX_POINT('',#4662);
#1385=VERTEX_POINT('',#4675);
#1386=VERTEX_POINT('',#4677);
#1387=VERTEX_POINT('',#4679);
#1388=VERTEX_POINT('',#4681);
#1389=VERTEX_POINT('',#4692);
#1390=VERTEX_POINT('',#4706);
#1391=VERTEX_POINT('',#4721);
#1392=VERTEX_POINT('',#4723);
#1393=VERTEX_POINT('',#4725);
#1394=VERTEX_POINT('',#4736);
#1395=VERTEX_POINT('',#4738);
#1396=VERTEX_POINT('',#4749);
#1397=VERTEX_POINT('',#4767);
#1398=VERTEX_POINT('',#4769);
#1399=VERTEX_POINT('',#4771);
#1400=VERTEX_POINT('',#4776);
#1401=VERTEX_POINT('',#4792);
#1402=VERTEX_POINT('',#4803);
#1403=VERTEX_POINT('',#4816);
#1404=VERTEX_POINT('',#4818);
#1405=VERTEX_POINT('',#4824);
#1406=VERTEX_POINT('',#4826);
#1407=VERTEX_POINT('',#4835);
#1408=VERTEX_POINT('',#4837);
#1409=VERTEX_POINT('',#4840);
#1410=VERTEX_POINT('',#4842);
#1411=VERTEX_POINT('',#4848);
#1412=VERTEX_POINT('',#4850);
#1413=VERTEX_POINT('',#4856);
#1414=VERTEX_POINT('',#4858);
#1415=VERTEX_POINT('',#4862);
#1416=VERTEX_POINT('',#4865);
#1417=VERTEX_POINT('',#4867);
#1418=VERTEX_POINT('',#4871);
#1419=VERTEX_POINT('',#4879);
#1420=VERTEX_POINT('',#4880);
#1421=VERTEX_POINT('',#4885);
#1422=VERTEX_POINT('',#4889);
#1423=VERTEX_POINT('',#4893);
#1424=VERTEX_POINT('',#4897);
#1425=VERTEX_POINT('',#4901);
#1426=VERTEX_POINT('',#4905);
#1427=VERTEX_POINT('',#4914);
#1428=VERTEX_POINT('',#4915);
#1429=VERTEX_POINT('',#4917);
#1430=VERTEX_POINT('',#4919);
#1431=VERTEX_POINT('',#4923);
#1432=VERTEX_POINT('',#4925);
#1433=VERTEX_POINT('',#4929);
#1434=VERTEX_POINT('',#4931);
#1435=VERTEX_POINT('',#4939);
#1436=VERTEX_POINT('',#4940);
#1437=VERTEX_POINT('',#4942);
#1438=VERTEX_POINT('',#4944);
#1439=VERTEX_POINT('',#4948);
#1440=VERTEX_POINT('',#4950);
#1441=VERTEX_POINT('',#4954);
#1442=VERTEX_POINT('',#4956);
#1443=VERTEX_POINT('',#5165);
#1444=VERTEX_POINT('',#5166);
#1445=VERTEX_POINT('',#5202);
#1446=VERTEX_POINT('',#5203);
#1447=VERTEX_POINT('',#5205);
#1448=VERTEX_POINT('',#5207);
#1449=VERTEX_POINT('',#5211);
#1450=VERTEX_POINT('',#5213);
#1451=VERTEX_POINT('',#5217);
#1452=VERTEX_POINT('',#5219);
#1453=VERTEX_POINT('',#5223);
#1454=VERTEX_POINT('',#5225);
#1455=VERTEX_POINT('',#5229);
#1456=VERTEX_POINT('',#5231);
#1457=VERTEX_POINT('',#5235);
#1458=VERTEX_POINT('',#5237);
#1459=VERTEX_POINT('',#5246);
#1460=VERTEX_POINT('',#5247);
#1461=VERTEX_POINT('',#5249);
#1462=VERTEX_POINT('',#5251);
#1463=VERTEX_POINT('',#5255);
#1464=VERTEX_POINT('',#5257);
#1465=VERTEX_POINT('',#5261);
#1466=VERTEX_POINT('',#5263);
#1467=VERTEX_POINT('',#5267);
#1468=VERTEX_POINT('',#5269);
#1469=VERTEX_POINT('',#5273);
#1470=VERTEX_POINT('',#5275);
#1471=VERTEX_POINT('',#5279);
#1472=VERTEX_POINT('',#5281);
#1473=VERTEX_POINT('',#5291);
#1474=VERTEX_POINT('',#5292);
#1475=VERTEX_POINT('',#5294);
#1476=VERTEX_POINT('',#5296);
#1477=VERTEX_POINT('',#5300);
#1478=VERTEX_POINT('',#5302);
#1479=VERTEX_POINT('',#5306);
#1480=VERTEX_POINT('',#5308);
#1481=VERTEX_POINT('',#5312);
#1482=VERTEX_POINT('',#5314);
#1483=VERTEX_POINT('',#5318);
#1484=VERTEX_POINT('',#5320);
#1485=VERTEX_POINT('',#5324);
#1486=VERTEX_POINT('',#5326);
#1487=VERTEX_POINT('',#5335);
#1488=VERTEX_POINT('',#5336);
#1489=VERTEX_POINT('',#5338);
#1490=VERTEX_POINT('',#5340);
#1491=VERTEX_POINT('',#5344);
#1492=VERTEX_POINT('',#5346);
#1493=VERTEX_POINT('',#5350);
#1494=VERTEX_POINT('',#5352);
#1495=VERTEX_POINT('',#5356);
#1496=VERTEX_POINT('',#5358);
#1497=VERTEX_POINT('',#5362);
#1498=VERTEX_POINT('',#5364);
#1499=VERTEX_POINT('',#5368);
#1500=VERTEX_POINT('',#5370);
#1501=EDGE_CURVE('',#1247,#1248,#651,.T.);
#1502=EDGE_CURVE('',#1247,#1249,#652,.T.);
#1503=EDGE_CURVE('',#1250,#1249,#653,.T.);
#1504=EDGE_CURVE('',#1248,#1250,#654,.T.);
#1505=EDGE_CURVE('',#1248,#1251,#655,.T.);
#1506=EDGE_CURVE('',#1252,#1250,#656,.T.);
#1507=EDGE_CURVE('',#1251,#1252,#657,.T.);
#1508=EDGE_CURVE('',#1251,#1253,#658,.T.);
#1509=EDGE_CURVE('',#1254,#1252,#659,.T.);
#1510=EDGE_CURVE('',#1253,#1254,#660,.T.);
#1511=EDGE_CURVE('',#1253,#1247,#661,.T.);
#1512=EDGE_CURVE('',#1249,#1254,#662,.T.);
#1513=EDGE_CURVE('',#1255,#1256,#663,.T.);
#1514=EDGE_CURVE('',#1255,#1257,#664,.T.);
#1515=EDGE_CURVE('',#1258,#1257,#665,.T.);
#1516=EDGE_CURVE('',#1256,#1258,#666,.T.);
#1517=EDGE_CURVE('',#1259,#1255,#135,.T.);
#1518=EDGE_CURVE('',#1259,#1260,#667,.T.);
#1519=EDGE_CURVE('',#1257,#1260,#136,.T.);
#1520=EDGE_CURVE('',#1261,#1259,#668,.T.);
#1521=EDGE_CURVE('',#1261,#1262,#669,.T.);
#1522=EDGE_CURVE('',#1260,#1262,#670,.T.);
#1523=EDGE_CURVE('',#1256,#1261,#137,.T.);
#1524=EDGE_CURVE('',#1262,#1258,#138,.T.);
#1525=EDGE_CURVE('',#1263,#1264,#671,.T.);
#1526=EDGE_CURVE('',#1263,#1265,#672,.T.);
#1527=EDGE_CURVE('',#1266,#1265,#673,.T.);
#1528=EDGE_CURVE('',#1264,#1266,#674,.T.);
#1529=EDGE_CURVE('',#1267,#1263,#139,.T.);
#1530=EDGE_CURVE('',#1267,#1268,#675,.T.);
#1531=EDGE_CURVE('',#1265,#1268,#140,.T.);
#1532=EDGE_CURVE('',#1269,#1267,#676,.T.);
#1533=EDGE_CURVE('',#1269,#1270,#677,.T.);
#1534=EDGE_CURVE('',#1268,#1270,#678,.T.);
#1535=EDGE_CURVE('',#1264,#1269,#141,.T.);
#1536=EDGE_CURVE('',#1270,#1266,#142,.T.);
#1537=EDGE_CURVE('',#1271,#1272,#679,.T.);
#1538=EDGE_CURVE('',#1272,#1273,#127,.T.);
#1539=EDGE_CURVE('',#1273,#1274,#680,.T.);
#1540=EDGE_CURVE('',#1271,#1274,#128,.T.);
#1541=EDGE_CURVE('',#1272,#1275,#681,.T.);
#1542=EDGE_CURVE('',#1275,#1276,#129,.T.);
#1543=EDGE_CURVE('',#1276,#1273,#682,.T.);
#1544=EDGE_CURVE('',#1275,#1277,#683,.T.);
#1545=EDGE_CURVE('',#1277,#1278,#130,.T.);
#1546=EDGE_CURVE('',#1278,#1276,#684,.T.);
#1547=EDGE_CURVE('',#1274,#1278,#685,.T.);
#1548=EDGE_CURVE('',#1277,#1271,#686,.T.);
#1549=EDGE_CURVE('',#1279,#1274,#687,.T.);
#1550=EDGE_CURVE('',#1280,#1279,#688,.T.);
#1551=EDGE_CURVE('',#1278,#1280,#689,.T.);
#1552=EDGE_CURVE('',#1281,#1273,#690,.T.);
#1553=EDGE_CURVE('',#1279,#1281,#691,.T.);
#1554=EDGE_CURVE('',#1282,#1283,#692,.T.);
#1555=EDGE_CURVE('',#1284,#1282,#693,.T.);
#1556=EDGE_CURVE('',#1285,#1284,#694,.T.);
#1557=EDGE_CURVE('',#1283,#1285,#695,.T.);
#1558=EDGE_CURVE('',#1283,#1286,#131,.T.);
#1559=EDGE_CURVE('',#1286,#1287,#696,.T.);
#1560=EDGE_CURVE('',#1282,#1287,#132,.T.);
#1561=EDGE_CURVE('',#1285,#1288,#133,.T.);
#1562=EDGE_CURVE('',#1288,#1286,#697,.T.);
#1563=EDGE_CURVE('',#1284,#1289,#134,.T.);
#1564=EDGE_CURVE('',#1289,#1288,#698,.T.);
#1565=EDGE_CURVE('',#1287,#1289,#699,.T.);
#1566=EDGE_CURVE('',#1290,#1287,#700,.T.);
#1567=EDGE_CURVE('',#1290,#1291,#701,.T.);
#1568=EDGE_CURVE('',#1291,#1289,#702,.T.);
#1569=EDGE_CURVE('',#1292,#1286,#703,.T.);
#1570=EDGE_CURVE('',#1292,#1290,#704,.T.);
#1571=EDGE_CURVE('',#1293,#1294,#705,.T.);
#1572=EDGE_CURVE('',#1293,#1295,#706,.T.);
#1573=EDGE_CURVE('',#1296,#1295,#707,.T.);
#1574=EDGE_CURVE('',#1294,#1296,#708,.T.);
#1575=EDGE_CURVE('',#1294,#1297,#709,.T.);
#1576=EDGE_CURVE('',#1298,#1296,#710,.T.);
#1577=EDGE_CURVE('',#1297,#1298,#711,.T.);
#1578=EDGE_CURVE('',#1297,#1299,#712,.T.);
#1579=EDGE_CURVE('',#1300,#1298,#713,.T.);
#1580=EDGE_CURVE('',#1299,#1300,#714,.T.);
#1581=EDGE_CURVE('',#1299,#1293,#715,.T.);
#1582=EDGE_CURVE('',#1295,#1300,#716,.T.);
#1583=EDGE_CURVE('',#1301,#1302,#717,.T.);
#1584=EDGE_CURVE('',#1303,#1301,#718,.T.);
#1585=EDGE_CURVE('',#1304,#1303,#719,.T.);
#1586=EDGE_CURVE('',#1302,#1304,#720,.T.);
#1587=EDGE_CURVE('',#1305,#1301,#721,.T.);
#1588=EDGE_CURVE('',#1305,#1306,#722,.T.);
#1589=EDGE_CURVE('',#1303,#1306,#723,.T.);
#1590=EDGE_CURVE('',#1302,#1307,#724,.T.);
#1591=EDGE_CURVE('',#1307,#1305,#725,.T.);
#1592=EDGE_CURVE('',#1308,#1288,#726,.T.);
#1593=EDGE_CURVE('',#1308,#1292,#727,.T.);
#1594=EDGE_CURVE('',#1291,#1308,#728,.T.);
#1595=EDGE_CURVE('',#1309,#1307,#729,.T.);
#1596=EDGE_CURVE('',#1306,#1309,#730,.T.);
#1597=EDGE_CURVE('',#1304,#1309,#731,.T.);
#1598=EDGE_CURVE('',#1310,#1280,#732,.T.);
#1599=EDGE_CURVE('',#1281,#1310,#733,.T.);
#1600=EDGE_CURVE('',#1310,#1276,#734,.T.);
#1601=EDGE_CURVE('',#1311,#1312,#735,.T.);
#1602=EDGE_CURVE('',#1313,#1311,#736,.T.);
#1603=EDGE_CURVE('',#1314,#1313,#737,.T.);
#1604=EDGE_CURVE('',#1312,#1314,#738,.T.);
#1605=EDGE_CURVE('',#1312,#1315,#739,.T.);
#1606=EDGE_CURVE('',#1315,#1316,#740,.T.);
#1607=EDGE_CURVE('',#1316,#1311,#741,.T.);
#1608=EDGE_CURVE('',#1317,#1314,#742,.T.);
#1609=EDGE_CURVE('',#1317,#1315,#743,.T.);
#1610=EDGE_CURVE('',#1318,#1317,#744,.T.);
#1611=EDGE_CURVE('',#1316,#1318,#745,.T.);
#1612=EDGE_CURVE('',#1313,#1318,#746,.T.);
#1613=EDGE_CURVE('',#1319,#1319,#143,.T.);
#1614=EDGE_CURVE('',#1319,#1320,#747,.T.);
#1615=EDGE_CURVE('',#1320,#1320,#144,.T.);
#1616=EDGE_CURVE('',#1321,#1322,#748,.T.);
#1617=EDGE_CURVE('',#1322,#1323,#749,.T.);
#1618=EDGE_CURVE('',#1324,#1323,#750,.T.);
#1619=EDGE_CURVE('',#1321,#1324,#751,.T.);
#1620=EDGE_CURVE('',#1325,#1325,#145,.T.);
#1621=EDGE_CURVE('',#1320,#1326,#752,.T.);
#1622=EDGE_CURVE('',#1326,#1326,#146,.T.);
#1623=EDGE_CURVE('',#1325,#1327,#753,.T.);
#1624=EDGE_CURVE('',#1327,#1327,#147,.T.);
#1625=EDGE_CURVE('',#1327,#1328,#754,.T.);
#1626=EDGE_CURVE('',#1328,#1328,#148,.T.);
#1627=EDGE_CURVE('',#1329,#1329,#149,.T.);
#1628=EDGE_CURVE('',#1329,#1330,#755,.T.);
#1629=EDGE_CURVE('',#1330,#1330,#150,.T.);
#1630=EDGE_CURVE('',#1331,#1332,#756,.T.);
#1631=EDGE_CURVE('',#1332,#1333,#757,.T.);
#1632=EDGE_CURVE('',#1334,#1333,#758,.T.);
#1633=EDGE_CURVE('',#1331,#1334,#759,.T.);
#1634=EDGE_CURVE('',#1335,#1335,#151,.T.);
#1635=EDGE_CURVE('',#1330,#1336,#760,.T.);
#1636=EDGE_CURVE('',#1336,#1336,#152,.T.);
#1637=EDGE_CURVE('',#1335,#1337,#761,.T.);
#1638=EDGE_CURVE('',#1337,#1337,#153,.T.);
#1639=EDGE_CURVE('',#1337,#1338,#762,.T.);
#1640=EDGE_CURVE('',#1338,#1338,#154,.T.);
#1641=EDGE_CURVE('',#1339,#1340,#763,.T.);
#1642=EDGE_CURVE('',#1339,#1341,#764,.T.);
#1643=EDGE_CURVE('',#1342,#1341,#765,.T.);
#1644=EDGE_CURVE('',#1340,#1342,#766,.T.);
#1645=EDGE_CURVE('',#1340,#1343,#767,.T.);
#1646=EDGE_CURVE('',#1344,#1342,#768,.T.);
#1647=EDGE_CURVE('',#1343,#1344,#769,.T.);
#1648=EDGE_CURVE('',#1343,#1332,#770,.T.);
#1649=EDGE_CURVE('',#1333,#1344,#771,.T.);
#1650=EDGE_CURVE('',#1322,#1331,#772,.T.);
#1651=EDGE_CURVE('',#1323,#1334,#773,.T.);
#1652=EDGE_CURVE('',#1321,#1339,#774,.T.);
#1653=EDGE_CURVE('',#1341,#1324,#775,.T.);
#1654=EDGE_CURVE('',#1345,#1345,#155,.T.);
#1655=EDGE_CURVE('',#1345,#1346,#776,.T.);
#1656=EDGE_CURVE('',#1346,#1346,#156,.T.);
#1657=EDGE_CURVE('',#1347,#1348,#777,.T.);
#1658=EDGE_CURVE('',#1347,#1349,#778,.T.);
#1659=EDGE_CURVE('',#1350,#1349,#779,.T.);
#1660=EDGE_CURVE('',#1348,#1350,#780,.T.);
#1661=EDGE_CURVE('',#1351,#1351,#157,.T.);
#1662=EDGE_CURVE('',#1346,#1352,#781,.T.);
#1663=EDGE_CURVE('',#1352,#1352,#158,.T.);
#1664=EDGE_CURVE('',#1351,#1353,#782,.T.);
#1665=EDGE_CURVE('',#1353,#1353,#159,.T.);
#1666=EDGE_CURVE('',#1353,#1354,#783,.T.);
#1667=EDGE_CURVE('',#1354,#1354,#160,.T.);
#1668=EDGE_CURVE('',#1355,#1355,#161,.T.);
#1669=EDGE_CURVE('',#1355,#1356,#784,.T.);
#1670=EDGE_CURVE('',#1356,#1356,#162,.T.);
#1671=EDGE_CURVE('',#1357,#1358,#785,.T.);
#1672=EDGE_CURVE('',#1357,#1359,#786,.T.);
#1673=EDGE_CURVE('',#1360,#1359,#787,.T.);
#1674=EDGE_CURVE('',#1358,#1360,#788,.T.);
#1675=EDGE_CURVE('',#1361,#1361,#163,.T.);
#1676=EDGE_CURVE('',#1356,#1362,#789,.T.);
#1677=EDGE_CURVE('',#1362,#1362,#164,.T.);
#1678=EDGE_CURVE('',#1361,#1363,#790,.T.);
#1679=EDGE_CURVE('',#1363,#1363,#165,.T.);
#1680=EDGE_CURVE('',#1363,#1364,#791,.T.);
#1681=EDGE_CURVE('',#1364,#1364,#166,.T.);
#1682=EDGE_CURVE('',#1358,#1347,#792,.T.);
#1683=EDGE_CURVE('',#1349,#1360,#793,.T.);
#1684=EDGE_CURVE('',#1365,#1348,#794,.T.);
#1685=EDGE_CURVE('',#1366,#1350,#795,.T.);
#1686=EDGE_CURVE('',#1365,#1366,#796,.T.);
#1687=EDGE_CURVE('',#1367,#1365,#797,.T.);
#1688=EDGE_CURVE('',#1368,#1366,#798,.T.);
#1689=EDGE_CURVE('',#1367,#1368,#799,.T.);
#1690=EDGE_CURVE('',#1369,#1367,#800,.T.);
#1691=EDGE_CURVE('',#1370,#1368,#801,.T.);
#1692=EDGE_CURVE('',#1369,#1370,#802,.T.);
#1693=EDGE_CURVE('',#1357,#1369,#803,.T.);
#1694=EDGE_CURVE('',#1359,#1370,#804,.T.);
#1695=EDGE_CURVE('',#1371,#1372,#805,.T.);
#1696=EDGE_CURVE('',#1371,#1373,#806,.T.);
#1697=EDGE_CURVE('',#1374,#1373,#807,.T.);
#1698=EDGE_CURVE('',#1372,#1374,#808,.T.);
#1699=EDGE_CURVE('',#1372,#1375,#809,.T.);
#1700=EDGE_CURVE('',#1376,#1374,#810,.T.);
#1701=EDGE_CURVE('',#1375,#1376,#811,.T.);
#1702=EDGE_CURVE('',#1375,#1377,#812,.T.);
#1703=EDGE_CURVE('',#1378,#1376,#813,.T.);
#1704=EDGE_CURVE('',#1377,#1378,#814,.T.);
#1705=EDGE_CURVE('',#1377,#1371,#815,.T.);
#1706=EDGE_CURVE('',#1373,#1378,#816,.T.);
#1707=EDGE_CURVE('',#1379,#1379,#167,.T.);
#1708=EDGE_CURVE('',#1379,#1380,#168,.T.);
#1709=EDGE_CURVE('',#1380,#1381,#169,.T.);
#1710=EDGE_CURVE('',#1381,#1382,#12,.T.);
#1711=EDGE_CURVE('',#1382,#1383,#13,.T.);
#1712=EDGE_CURVE('',#1384,#1383,#14,.F.);
#1713=EDGE_CURVE('',#1384,#1380,#170,.T.);
#1714=EDGE_CURVE('',#1385,#1385,#171,.T.);
#1715=EDGE_CURVE('',#1385,#1386,#172,.T.);
#1716=EDGE_CURVE('',#1386,#1387,#173,.T.);
#1717=EDGE_CURVE('',#1387,#1388,#15,.T.);
#1718=EDGE_CURVE('',#1388,#1389,#16,.T.);
#1719=EDGE_CURVE('',#1390,#1389,#17,.F.);
#1720=EDGE_CURVE('',#1390,#1386,#174,.T.);
#1721=EDGE_CURVE('',#1391,#1391,#175,.T.);
#1722=EDGE_CURVE('',#1391,#1392,#176,.T.);
#1723=EDGE_CURVE('',#1393,#1392,#18,.F.);
#1724=EDGE_CURVE('',#1393,#1394,#177,.T.);
#1725=EDGE_CURVE('',#1394,#1395,#19,.T.);
#1726=EDGE_CURVE('',#1395,#1396,#20,.T.);
#1727=EDGE_CURVE('',#1392,#1396,#21,.F.);
#1728=EDGE_CURVE('',#1397,#1397,#178,.T.);
#1729=EDGE_CURVE('',#1397,#1398,#179,.T.);
#1730=EDGE_CURVE('',#1398,#1399,#22,.T.);
#1731=EDGE_CURVE('',#1399,#1400,#23,.T.);
#1732=EDGE_CURVE('',#1401,#1400,#24,.F.);
#1733=EDGE_CURVE('',#1401,#1402,#180,.T.);
#1734=EDGE_CURVE('',#1402,#1398,#25,.T.);
#1735=EDGE_CURVE('',#1403,#1403,#181,.T.);
#1736=EDGE_CURVE('',#1403,#1404,#817,.T.);
#1737=EDGE_CURVE('',#1404,#1404,#182,.T.);
#1738=EDGE_CURVE('',#1405,#1405,#183,.T.);
#1739=EDGE_CURVE('',#1405,#1406,#818,.T.);
#1740=EDGE_CURVE('',#1406,#1406,#184,.T.);
#1741=EDGE_CURVE('',#1384,#1394,#819,.T.);
#1742=EDGE_CURVE('',#1393,#1402,#820,.T.);
#1743=EDGE_CURVE('',#1401,#1387,#821,.T.);
#1744=EDGE_CURVE('',#1390,#1381,#822,.T.);
#1745=EDGE_CURVE('',#1407,#1407,#185,.T.);
#1746=EDGE_CURVE('',#1408,#1408,#186,.T.);
#1747=EDGE_CURVE('',#1409,#1409,#187,.T.);
#1748=EDGE_CURVE('',#1409,#1410,#823,.T.);
#1749=EDGE_CURVE('',#1410,#1410,#188,.T.);
#1750=EDGE_CURVE('',#1411,#1411,#189,.T.);
#1751=EDGE_CURVE('',#1411,#1412,#824,.T.);
#1752=EDGE_CURVE('',#1412,#1412,#190,.T.);
#1753=EDGE_CURVE('',#1413,#1413,#191,.T.);
#1754=EDGE_CURVE('',#1413,#1414,#825,.T.);
#1755=EDGE_CURVE('',#1414,#1414,#192,.T.);
#1756=EDGE_CURVE('',#1415,#1415,#193,.T.);
#1757=EDGE_CURVE('',#1416,#1416,#194,.T.);
#1758=EDGE_CURVE('',#1416,#1417,#826,.T.);
#1759=EDGE_CURVE('',#1417,#1417,#195,.T.);
#1760=EDGE_CURVE('',#1418,#1418,#196,.T.);
#1761=EDGE_CURVE('',#1408,#1415,#827,.T.);
#1762=EDGE_CURVE('',#1407,#1418,#828,.T.);
#1763=EDGE_CURVE('',#1419,#1420,#829,.T.);
#1764=EDGE_CURVE('',#1420,#1388,#830,.T.);
#1765=EDGE_CURVE('',#1419,#1400,#831,.T.);
#1766=EDGE_CURVE('',#1421,#1419,#197,.T.);
#1767=EDGE_CURVE('',#1421,#1399,#832,.T.);
#1768=EDGE_CURVE('',#1422,#1421,#833,.T.);
#1769=EDGE_CURVE('',#1422,#1396,#834,.T.);
#1770=EDGE_CURVE('',#1423,#1422,#198,.T.);
#1771=EDGE_CURVE('',#1423,#1395,#835,.T.);
#1772=EDGE_CURVE('',#1424,#1423,#836,.T.);
#1773=EDGE_CURVE('',#1424,#1383,#837,.T.);
#1774=EDGE_CURVE('',#1425,#1424,#199,.T.);
#1775=EDGE_CURVE('',#1425,#1382,#838,.T.);
#1776=EDGE_CURVE('',#1426,#1425,#839,.T.);
#1777=EDGE_CURVE('',#1426,#1389,#840,.T.);
#1778=EDGE_CURVE('',#1420,#1426,#200,.T.);
#1779=EDGE_CURVE('',#1427,#1428,#841,.T.);
#1780=EDGE_CURVE('',#1427,#1429,#842,.T.);
#1781=EDGE_CURVE('',#1430,#1429,#843,.T.);
#1782=EDGE_CURVE('',#1428,#1430,#844,.T.);
#1783=EDGE_CURVE('',#1431,#1427,#845,.T.);
#1784=EDGE_CURVE('',#1431,#1432,#846,.T.);
#1785=EDGE_CURVE('',#1429,#1432,#847,.T.);
#1786=EDGE_CURVE('',#1428,#1433,#848,.T.);
#1787=EDGE_CURVE('',#1434,#1430,#849,.T.);
#1788=EDGE_CURVE('',#1433,#1434,#850,.T.);
#1789=EDGE_CURVE('',#1433,#1431,#851,.T.);
#1790=EDGE_CURVE('',#1432,#1434,#852,.T.);
#1791=EDGE_CURVE('',#1435,#1436,#853,.T.);
#1792=EDGE_CURVE('',#1435,#1437,#854,.T.);
#1793=EDGE_CURVE('',#1438,#1437,#855,.T.);
#1794=EDGE_CURVE('',#1436,#1438,#856,.T.);
#1795=EDGE_CURVE('',#1436,#1439,#857,.T.);
#1796=EDGE_CURVE('',#1440,#1438,#858,.T.);
#1797=EDGE_CURVE('',#1439,#1440,#859,.T.);
#1798=EDGE_CURVE('',#1439,#1441,#860,.T.);
#1799=EDGE_CURVE('',#1442,#1440,#861,.T.);
#1800=EDGE_CURVE('',#1441,#1442,#862,.T.);
#1801=EDGE_CURVE('',#1441,#1435,#863,.T.);
#1802=EDGE_CURVE('',#1437,#1442,#864,.T.);
#1803=EDGE_CURVE('',#1443,#1444,#26,.T.);
#1804=EDGE_CURVE('',#1444,#1444,#201,.T.);
#1805=EDGE_CURVE('',#1443,#1443,#27,.T.);
#1806=EDGE_CURVE('',#1445,#1446,#865,.T.);
#1807=EDGE_CURVE('',#1446,#1447,#866,.T.);
#1808=EDGE_CURVE('',#1448,#1447,#867,.T.);
#1809=EDGE_CURVE('',#1445,#1448,#868,.T.);
#1810=EDGE_CURVE('',#1445,#1449,#869,.T.);
#1811=EDGE_CURVE('',#1450,#1448,#870,.T.);
#1812=EDGE_CURVE('',#1449,#1450,#871,.T.);
#1813=EDGE_CURVE('',#1451,#1449,#872,.T.);
#1814=EDGE_CURVE('',#1452,#1450,#873,.T.);
#1815=EDGE_CURVE('',#1451,#1452,#874,.T.);
#1816=EDGE_CURVE('',#1453,#1451,#875,.T.);
#1817=EDGE_CURVE('',#1454,#1452,#876,.T.);
#1818=EDGE_CURVE('',#1453,#1454,#877,.T.);
#1819=EDGE_CURVE('',#1455,#1453,#878,.T.);
#1820=EDGE_CURVE('',#1456,#1454,#879,.T.);
#1821=EDGE_CURVE('',#1455,#1456,#880,.T.);
#1822=EDGE_CURVE('',#1457,#1455,#881,.T.);
#1823=EDGE_CURVE('',#1458,#1456,#882,.T.);
#1824=EDGE_CURVE('',#1457,#1458,#883,.T.);
#1825=EDGE_CURVE('',#1457,#1446,#884,.T.);
#1826=EDGE_CURVE('',#1447,#1458,#885,.T.);
#1827=EDGE_CURVE('',#1459,#1460,#886,.T.);
#1828=EDGE_CURVE('',#1459,#1461,#887,.T.);
#1829=EDGE_CURVE('',#1462,#1461,#888,.T.);
#1830=EDGE_CURVE('',#1460,#1462,#889,.T.);
#1831=EDGE_CURVE('',#1460,#1463,#890,.T.);
#1832=EDGE_CURVE('',#1464,#1462,#891,.T.);
#1833=EDGE_CURVE('',#1463,#1464,#892,.T.);
#1834=EDGE_CURVE('',#1463,#1465,#893,.T.);
#1835=EDGE_CURVE('',#1466,#1464,#894,.T.);
#1836=EDGE_CURVE('',#1465,#1466,#895,.T.);
#1837=EDGE_CURVE('',#1467,#1465,#896,.T.);
#1838=EDGE_CURVE('',#1468,#1466,#897,.T.);
#1839=EDGE_CURVE('',#1467,#1468,#898,.T.);
#1840=EDGE_CURVE('',#1467,#1469,#899,.T.);
#1841=EDGE_CURVE('',#1470,#1468,#900,.T.);
#1842=EDGE_CURVE('',#1469,#1470,#901,.T.);
#1843=EDGE_CURVE('',#1471,#1469,#902,.T.);
#1844=EDGE_CURVE('',#1472,#1470,#903,.T.);
#1845=EDGE_CURVE('',#1471,#1472,#904,.T.);
#1846=EDGE_CURVE('',#1471,#1459,#905,.T.);
#1847=EDGE_CURVE('',#1461,#1472,#906,.T.);
#1848=EDGE_CURVE('',#1473,#1474,#907,.T.);
#1849=EDGE_CURVE('',#1473,#1475,#908,.T.);
#1850=EDGE_CURVE('',#1476,#1475,#909,.T.);
#1851=EDGE_CURVE('',#1474,#1476,#910,.T.);
#1852=EDGE_CURVE('',#1474,#1477,#911,.T.);
#1853=EDGE_CURVE('',#1478,#1476,#912,.T.);
#1854=EDGE_CURVE('',#1477,#1478,#913,.T.);
#1855=EDGE_CURVE('',#1479,#1477,#914,.T.);
#1856=EDGE_CURVE('',#1480,#1478,#915,.T.);
#1857=EDGE_CURVE('',#1479,#1480,#916,.T.);
#1858=EDGE_CURVE('',#1481,#1479,#917,.T.);
#1859=EDGE_CURVE('',#1482,#1480,#918,.T.);
#1860=EDGE_CURVE('',#1481,#1482,#919,.T.);
#1861=EDGE_CURVE('',#1483,#1481,#920,.T.);
#1862=EDGE_CURVE('',#1484,#1482,#921,.T.);
#1863=EDGE_CURVE('',#1483,#1484,#922,.T.);
#1864=EDGE_CURVE('',#1485,#1483,#923,.T.);
#1865=EDGE_CURVE('',#1486,#1484,#924,.T.);
#1866=EDGE_CURVE('',#1485,#1486,#925,.T.);
#1867=EDGE_CURVE('',#1485,#1473,#926,.T.);
#1868=EDGE_CURVE('',#1475,#1486,#927,.T.);
#1869=EDGE_CURVE('',#1487,#1488,#928,.T.);
#1870=EDGE_CURVE('',#1487,#1489,#929,.T.);
#1871=EDGE_CURVE('',#1490,#1489,#930,.T.);
#1872=EDGE_CURVE('',#1488,#1490,#931,.T.);
#1873=EDGE_CURVE('',#1488,#1491,#932,.T.);
#1874=EDGE_CURVE('',#1492,#1490,#933,.T.);
#1875=EDGE_CURVE('',#1491,#1492,#934,.T.);
#1876=EDGE_CURVE('',#1491,#1493,#935,.T.);
#1877=EDGE_CURVE('',#1494,#1492,#936,.T.);
#1878=EDGE_CURVE('',#1493,#1494,#937,.T.);
#1879=EDGE_CURVE('',#1495,#1493,#938,.T.);
#1880=EDGE_CURVE('',#1496,#1494,#939,.T.);
#1881=EDGE_CURVE('',#1495,#1496,#940,.T.);
#1882=EDGE_CURVE('',#1497,#1495,#941,.T.);
#1883=EDGE_CURVE('',#1498,#1496,#942,.T.);
#1884=EDGE_CURVE('',#1497,#1498,#943,.T.);
#1885=EDGE_CURVE('',#1499,#1497,#944,.T.);
#1886=EDGE_CURVE('',#1500,#1498,#945,.T.);
#1887=EDGE_CURVE('',#1499,#1500,#946,.T.);
#1888=EDGE_CURVE('',#1499,#1487,#947,.T.);
#1889=EDGE_CURVE('',#1489,#1500,#948,.T.);
#1890=ORIENTED_EDGE('',*,*,#1501,.F.);
#1891=ORIENTED_EDGE('',*,*,#1502,.T.);
#1892=ORIENTED_EDGE('',*,*,#1503,.F.);
#1893=ORIENTED_EDGE('',*,*,#1504,.F.);
#1894=ORIENTED_EDGE('',*,*,#1505,.F.);
#1895=ORIENTED_EDGE('',*,*,#1504,.T.);
#1896=ORIENTED_EDGE('',*,*,#1506,.F.);
#1897=ORIENTED_EDGE('',*,*,#1507,.F.);
#1898=ORIENTED_EDGE('',*,*,#1508,.F.);
#1899=ORIENTED_EDGE('',*,*,#1507,.T.);
#1900=ORIENTED_EDGE('',*,*,#1509,.F.);
#1901=ORIENTED_EDGE('',*,*,#1510,.F.);
#1902=ORIENTED_EDGE('',*,*,#1511,.F.);
#1903=ORIENTED_EDGE('',*,*,#1510,.T.);
#1904=ORIENTED_EDGE('',*,*,#1512,.F.);
#1905=ORIENTED_EDGE('',*,*,#1502,.F.);
#1906=ORIENTED_EDGE('',*,*,#1511,.T.);
#1907=ORIENTED_EDGE('',*,*,#1501,.T.);
#1908=ORIENTED_EDGE('',*,*,#1505,.T.);
#1909=ORIENTED_EDGE('',*,*,#1508,.T.);
#1910=ORIENTED_EDGE('',*,*,#1512,.T.);
#1911=ORIENTED_EDGE('',*,*,#1509,.T.);
#1912=ORIENTED_EDGE('',*,*,#1506,.T.);
#1913=ORIENTED_EDGE('',*,*,#1503,.T.);
#1914=ORIENTED_EDGE('',*,*,#1513,.F.);
#1915=ORIENTED_EDGE('',*,*,#1514,.T.);
#1916=ORIENTED_EDGE('',*,*,#1515,.F.);
#1917=ORIENTED_EDGE('',*,*,#1516,.F.);
#1918=ORIENTED_EDGE('',*,*,#1517,.F.);
#1919=ORIENTED_EDGE('',*,*,#1518,.T.);
#1920=ORIENTED_EDGE('',*,*,#1519,.F.);
#1921=ORIENTED_EDGE('',*,*,#1514,.F.);
#1922=ORIENTED_EDGE('',*,*,#1520,.F.);
#1923=ORIENTED_EDGE('',*,*,#1521,.T.);
#1924=ORIENTED_EDGE('',*,*,#1522,.F.);
#1925=ORIENTED_EDGE('',*,*,#1518,.F.);
#1926=ORIENTED_EDGE('',*,*,#1523,.F.);
#1927=ORIENTED_EDGE('',*,*,#1516,.T.);
#1928=ORIENTED_EDGE('',*,*,#1524,.F.);
#1929=ORIENTED_EDGE('',*,*,#1521,.F.);
#1930=ORIENTED_EDGE('',*,*,#1525,.F.);
#1931=ORIENTED_EDGE('',*,*,#1526,.T.);
#1932=ORIENTED_EDGE('',*,*,#1527,.F.);
#1933=ORIENTED_EDGE('',*,*,#1528,.F.);
#1934=ORIENTED_EDGE('',*,*,#1529,.F.);
#1935=ORIENTED_EDGE('',*,*,#1530,.T.);
#1936=ORIENTED_EDGE('',*,*,#1531,.F.);
#1937=ORIENTED_EDGE('',*,*,#1526,.F.);
#1938=ORIENTED_EDGE('',*,*,#1532,.F.);
#1939=ORIENTED_EDGE('',*,*,#1533,.T.);
#1940=ORIENTED_EDGE('',*,*,#1534,.F.);
#1941=ORIENTED_EDGE('',*,*,#1530,.F.);
#1942=ORIENTED_EDGE('',*,*,#1535,.F.);
#1943=ORIENTED_EDGE('',*,*,#1528,.T.);
#1944=ORIENTED_EDGE('',*,*,#1536,.F.);
#1945=ORIENTED_EDGE('',*,*,#1533,.F.);
#1946=ORIENTED_EDGE('',*,*,#1537,.T.);
#1947=ORIENTED_EDGE('',*,*,#1538,.T.);
#1948=ORIENTED_EDGE('',*,*,#1539,.T.);
#1949=ORIENTED_EDGE('',*,*,#1540,.F.);
#1950=ORIENTED_EDGE('',*,*,#1541,.T.);
#1951=ORIENTED_EDGE('',*,*,#1542,.T.);
#1952=ORIENTED_EDGE('',*,*,#1543,.T.);
#1953=ORIENTED_EDGE('',*,*,#1538,.F.);
#1954=ORIENTED_EDGE('',*,*,#1544,.T.);
#1955=ORIENTED_EDGE('',*,*,#1545,.T.);
#1956=ORIENTED_EDGE('',*,*,#1546,.T.);
#1957=ORIENTED_EDGE('',*,*,#1542,.F.);
#1958=ORIENTED_EDGE('',*,*,#1547,.T.);
#1959=ORIENTED_EDGE('',*,*,#1545,.F.);
#1960=ORIENTED_EDGE('',*,*,#1548,.T.);
#1961=ORIENTED_EDGE('',*,*,#1540,.T.);
#1962=ORIENTED_EDGE('',*,*,#1547,.F.);
#1963=ORIENTED_EDGE('',*,*,#1549,.F.);
#1964=ORIENTED_EDGE('',*,*,#1550,.F.);
#1965=ORIENTED_EDGE('',*,*,#1551,.F.);
#1966=ORIENTED_EDGE('',*,*,#1539,.F.);
#1967=ORIENTED_EDGE('',*,*,#1552,.F.);
#1968=ORIENTED_EDGE('',*,*,#1553,.F.);
#1969=ORIENTED_EDGE('',*,*,#1549,.T.);
#1970=ORIENTED_EDGE('',*,*,#1537,.F.);
#1971=ORIENTED_EDGE('',*,*,#1548,.F.);
#1972=ORIENTED_EDGE('',*,*,#1544,.F.);
#1973=ORIENTED_EDGE('',*,*,#1541,.F.);
#1974=ORIENTED_EDGE('',*,*,#1554,.F.);
#1975=ORIENTED_EDGE('',*,*,#1555,.F.);
#1976=ORIENTED_EDGE('',*,*,#1556,.F.);
#1977=ORIENTED_EDGE('',*,*,#1557,.F.);
#1978=ORIENTED_EDGE('',*,*,#1554,.T.);
#1979=ORIENTED_EDGE('',*,*,#1558,.T.);
#1980=ORIENTED_EDGE('',*,*,#1559,.T.);
#1981=ORIENTED_EDGE('',*,*,#1560,.F.);
#1982=ORIENTED_EDGE('',*,*,#1557,.T.);
#1983=ORIENTED_EDGE('',*,*,#1561,.T.);
#1984=ORIENTED_EDGE('',*,*,#1562,.T.);
#1985=ORIENTED_EDGE('',*,*,#1558,.F.);
#1986=ORIENTED_EDGE('',*,*,#1556,.T.);
#1987=ORIENTED_EDGE('',*,*,#1563,.T.);
#1988=ORIENTED_EDGE('',*,*,#1564,.T.);
#1989=ORIENTED_EDGE('',*,*,#1561,.F.);
#1990=ORIENTED_EDGE('',*,*,#1565,.T.);
#1991=ORIENTED_EDGE('',*,*,#1563,.F.);
#1992=ORIENTED_EDGE('',*,*,#1555,.T.);
#1993=ORIENTED_EDGE('',*,*,#1560,.T.);
#1994=ORIENTED_EDGE('',*,*,#1565,.F.);
#1995=ORIENTED_EDGE('',*,*,#1566,.F.);
#1996=ORIENTED_EDGE('',*,*,#1567,.T.);
#1997=ORIENTED_EDGE('',*,*,#1568,.T.);
#1998=ORIENTED_EDGE('',*,*,#1559,.F.);
#1999=ORIENTED_EDGE('',*,*,#1569,.F.);
#2000=ORIENTED_EDGE('',*,*,#1570,.T.);
#2001=ORIENTED_EDGE('',*,*,#1566,.T.);
#2002=ORIENTED_EDGE('',*,*,#1571,.F.);
#2003=ORIENTED_EDGE('',*,*,#1572,.T.);
#2004=ORIENTED_EDGE('',*,*,#1573,.F.);
#2005=ORIENTED_EDGE('',*,*,#1574,.F.);
#2006=ORIENTED_EDGE('',*,*,#1575,.F.);
#2007=ORIENTED_EDGE('',*,*,#1574,.T.);
#2008=ORIENTED_EDGE('',*,*,#1576,.F.);
#2009=ORIENTED_EDGE('',*,*,#1577,.F.);
#2010=ORIENTED_EDGE('',*,*,#1578,.F.);
#2011=ORIENTED_EDGE('',*,*,#1577,.T.);
#2012=ORIENTED_EDGE('',*,*,#1579,.F.);
#2013=ORIENTED_EDGE('',*,*,#1580,.F.);
#2014=ORIENTED_EDGE('',*,*,#1581,.F.);
#2015=ORIENTED_EDGE('',*,*,#1580,.T.);
#2016=ORIENTED_EDGE('',*,*,#1582,.F.);
#2017=ORIENTED_EDGE('',*,*,#1572,.F.);
#2018=ORIENTED_EDGE('',*,*,#1515,.T.);
#2019=ORIENTED_EDGE('',*,*,#1519,.T.);
#2020=ORIENTED_EDGE('',*,*,#1522,.T.);
#2021=ORIENTED_EDGE('',*,*,#1524,.T.);
#2022=ORIENTED_EDGE('',*,*,#1527,.T.);
#2023=ORIENTED_EDGE('',*,*,#1531,.T.);
#2024=ORIENTED_EDGE('',*,*,#1534,.T.);
#2025=ORIENTED_EDGE('',*,*,#1536,.T.);
#2026=ORIENTED_EDGE('',*,*,#1583,.F.);
#2027=ORIENTED_EDGE('',*,*,#1584,.F.);
#2028=ORIENTED_EDGE('',*,*,#1585,.F.);
#2029=ORIENTED_EDGE('',*,*,#1586,.F.);
#2030=ORIENTED_EDGE('',*,*,#1581,.T.);
#2031=ORIENTED_EDGE('',*,*,#1571,.T.);
#2032=ORIENTED_EDGE('',*,*,#1575,.T.);
#2033=ORIENTED_EDGE('',*,*,#1578,.T.);
#2034=ORIENTED_EDGE('',*,*,#1584,.T.);
#2035=ORIENTED_EDGE('',*,*,#1587,.F.);
#2036=ORIENTED_EDGE('',*,*,#1588,.T.);
#2037=ORIENTED_EDGE('',*,*,#1589,.F.);
#2038=ORIENTED_EDGE('',*,*,#1583,.T.);
#2039=ORIENTED_EDGE('',*,*,#1590,.T.);
#2040=ORIENTED_EDGE('',*,*,#1591,.T.);
#2041=ORIENTED_EDGE('',*,*,#1587,.T.);
#2042=ORIENTED_EDGE('',*,*,#1562,.F.);
#2043=ORIENTED_EDGE('',*,*,#1592,.F.);
#2044=ORIENTED_EDGE('',*,*,#1593,.T.);
#2045=ORIENTED_EDGE('',*,*,#1569,.T.);
#2046=ORIENTED_EDGE('',*,*,#1564,.F.);
#2047=ORIENTED_EDGE('',*,*,#1568,.F.);
#2048=ORIENTED_EDGE('',*,*,#1594,.T.);
#2049=ORIENTED_EDGE('',*,*,#1592,.T.);
#2050=ORIENTED_EDGE('',*,*,#1591,.F.);
#2051=ORIENTED_EDGE('',*,*,#1595,.F.);
#2052=ORIENTED_EDGE('',*,*,#1596,.F.);
#2053=ORIENTED_EDGE('',*,*,#1588,.F.);
#2054=ORIENTED_EDGE('',*,*,#1594,.F.);
#2055=ORIENTED_EDGE('',*,*,#1567,.F.);
#2056=ORIENTED_EDGE('',*,*,#1570,.F.);
#2057=ORIENTED_EDGE('',*,*,#1593,.F.);
#2058=ORIENTED_EDGE('',*,*,#1586,.T.);
#2059=ORIENTED_EDGE('',*,*,#1597,.T.);
#2060=ORIENTED_EDGE('',*,*,#1595,.T.);
#2061=ORIENTED_EDGE('',*,*,#1590,.F.);
#2062=ORIENTED_EDGE('',*,*,#1598,.T.);
#2063=ORIENTED_EDGE('',*,*,#1550,.T.);
#2064=ORIENTED_EDGE('',*,*,#1553,.T.);
#2065=ORIENTED_EDGE('',*,*,#1599,.T.);
#2066=ORIENTED_EDGE('',*,*,#1582,.T.);
#2067=ORIENTED_EDGE('',*,*,#1579,.T.);
#2068=ORIENTED_EDGE('',*,*,#1576,.T.);
#2069=ORIENTED_EDGE('',*,*,#1573,.T.);
#2070=ORIENTED_EDGE('',*,*,#1585,.T.);
#2071=ORIENTED_EDGE('',*,*,#1589,.T.);
#2072=ORIENTED_EDGE('',*,*,#1596,.T.);
#2073=ORIENTED_EDGE('',*,*,#1597,.F.);
#2074=ORIENTED_EDGE('',*,*,#1543,.F.);
#2075=ORIENTED_EDGE('',*,*,#1600,.F.);
#2076=ORIENTED_EDGE('',*,*,#1599,.F.);
#2077=ORIENTED_EDGE('',*,*,#1552,.T.);
#2078=ORIENTED_EDGE('',*,*,#1513,.T.);
#2079=ORIENTED_EDGE('',*,*,#1523,.T.);
#2080=ORIENTED_EDGE('',*,*,#1520,.T.);
#2081=ORIENTED_EDGE('',*,*,#1517,.T.);
#2082=ORIENTED_EDGE('',*,*,#1525,.T.);
#2083=ORIENTED_EDGE('',*,*,#1535,.T.);
#2084=ORIENTED_EDGE('',*,*,#1532,.T.);
#2085=ORIENTED_EDGE('',*,*,#1529,.T.);
#2086=ORIENTED_EDGE('',*,*,#1546,.F.);
#2087=ORIENTED_EDGE('',*,*,#1551,.T.);
#2088=ORIENTED_EDGE('',*,*,#1598,.F.);
#2089=ORIENTED_EDGE('',*,*,#1600,.T.);
#2090=ORIENTED_EDGE('',*,*,#1601,.F.);
#2091=ORIENTED_EDGE('',*,*,#1602,.F.);
#2092=ORIENTED_EDGE('',*,*,#1603,.F.);
#2093=ORIENTED_EDGE('',*,*,#1604,.F.);
#2094=ORIENTED_EDGE('',*,*,#1601,.T.);
#2095=ORIENTED_EDGE('',*,*,#1605,.T.);
#2096=ORIENTED_EDGE('',*,*,#1606,.T.);
#2097=ORIENTED_EDGE('',*,*,#1607,.T.);
#2098=ORIENTED_EDGE('',*,*,#1604,.T.);
#2099=ORIENTED_EDGE('',*,*,#1608,.F.);
#2100=ORIENTED_EDGE('',*,*,#1609,.T.);
#2101=ORIENTED_EDGE('',*,*,#1605,.F.);
#2102=ORIENTED_EDGE('',*,*,#1606,.F.);
#2103=ORIENTED_EDGE('',*,*,#1609,.F.);
#2104=ORIENTED_EDGE('',*,*,#1610,.F.);
#2105=ORIENTED_EDGE('',*,*,#1611,.F.);
#2106=ORIENTED_EDGE('',*,*,#1603,.T.);
#2107=ORIENTED_EDGE('',*,*,#1612,.T.);
#2108=ORIENTED_EDGE('',*,*,#1610,.T.);
#2109=ORIENTED_EDGE('',*,*,#1608,.T.);
#2110=ORIENTED_EDGE('',*,*,#1602,.T.);
#2111=ORIENTED_EDGE('',*,*,#1607,.F.);
#2112=ORIENTED_EDGE('',*,*,#1611,.T.);
#2113=ORIENTED_EDGE('',*,*,#1612,.F.);
#2114=ORIENTED_EDGE('',*,*,#1613,.T.);
#2115=ORIENTED_EDGE('',*,*,#1614,.T.);
#2116=ORIENTED_EDGE('',*,*,#1615,.T.);
#2117=ORIENTED_EDGE('',*,*,#1614,.F.);
#2118=ORIENTED_EDGE('',*,*,#1616,.T.);
#2119=ORIENTED_EDGE('',*,*,#1617,.T.);
#2120=ORIENTED_EDGE('',*,*,#1618,.F.);
#2121=ORIENTED_EDGE('',*,*,#1619,.F.);
#2122=ORIENTED_EDGE('',*,*,#1620,.F.);
#2123=ORIENTED_EDGE('',*,*,#1613,.F.);
#2124=ORIENTED_EDGE('',*,*,#1615,.F.);
#2125=ORIENTED_EDGE('',*,*,#1621,.T.);
#2126=ORIENTED_EDGE('',*,*,#1622,.F.);
#2127=ORIENTED_EDGE('',*,*,#1621,.F.);
#2128=ORIENTED_EDGE('',*,*,#1620,.T.);
#2129=ORIENTED_EDGE('',*,*,#1623,.T.);
#2130=ORIENTED_EDGE('',*,*,#1624,.T.);
#2131=ORIENTED_EDGE('',*,*,#1623,.F.);
#2132=ORIENTED_EDGE('',*,*,#1624,.F.);
#2133=ORIENTED_EDGE('',*,*,#1625,.T.);
#2134=ORIENTED_EDGE('',*,*,#1626,.F.);
#2135=ORIENTED_EDGE('',*,*,#1625,.F.);
#2136=ORIENTED_EDGE('',*,*,#1627,.T.);
#2137=ORIENTED_EDGE('',*,*,#1628,.T.);
#2138=ORIENTED_EDGE('',*,*,#1629,.T.);
#2139=ORIENTED_EDGE('',*,*,#1628,.F.);
#2140=ORIENTED_EDGE('',*,*,#1630,.T.);
#2141=ORIENTED_EDGE('',*,*,#1631,.T.);
#2142=ORIENTED_EDGE('',*,*,#1632,.F.);
#2143=ORIENTED_EDGE('',*,*,#1633,.F.);
#2144=ORIENTED_EDGE('',*,*,#1634,.F.);
#2145=ORIENTED_EDGE('',*,*,#1627,.F.);
#2146=ORIENTED_EDGE('',*,*,#1629,.F.);
#2147=ORIENTED_EDGE('',*,*,#1635,.T.);
#2148=ORIENTED_EDGE('',*,*,#1636,.F.);
#2149=ORIENTED_EDGE('',*,*,#1635,.F.);
#2150=ORIENTED_EDGE('',*,*,#1634,.T.);
#2151=ORIENTED_EDGE('',*,*,#1637,.T.);
#2152=ORIENTED_EDGE('',*,*,#1638,.T.);
#2153=ORIENTED_EDGE('',*,*,#1637,.F.);
#2154=ORIENTED_EDGE('',*,*,#1638,.F.);
#2155=ORIENTED_EDGE('',*,*,#1639,.T.);
#2156=ORIENTED_EDGE('',*,*,#1640,.F.);
#2157=ORIENTED_EDGE('',*,*,#1639,.F.);
#2158=ORIENTED_EDGE('',*,*,#1641,.F.);
#2159=ORIENTED_EDGE('',*,*,#1642,.T.);
#2160=ORIENTED_EDGE('',*,*,#1643,.F.);
#2161=ORIENTED_EDGE('',*,*,#1644,.F.);
#2162=ORIENTED_EDGE('',*,*,#1626,.T.);
#2163=ORIENTED_EDGE('',*,*,#1622,.T.);
#2164=ORIENTED_EDGE('',*,*,#1645,.F.);
#2165=ORIENTED_EDGE('',*,*,#1644,.T.);
#2166=ORIENTED_EDGE('',*,*,#1646,.F.);
#2167=ORIENTED_EDGE('',*,*,#1647,.F.);
#2168=ORIENTED_EDGE('',*,*,#1636,.T.);
#2169=ORIENTED_EDGE('',*,*,#1640,.T.);
#2170=ORIENTED_EDGE('',*,*,#1648,.F.);
#2171=ORIENTED_EDGE('',*,*,#1647,.T.);
#2172=ORIENTED_EDGE('',*,*,#1649,.F.);
#2173=ORIENTED_EDGE('',*,*,#1631,.F.);
#2174=ORIENTED_EDGE('',*,*,#1650,.T.);
#2175=ORIENTED_EDGE('',*,*,#1633,.T.);
#2176=ORIENTED_EDGE('',*,*,#1651,.F.);
#2177=ORIENTED_EDGE('',*,*,#1617,.F.);
#2178=ORIENTED_EDGE('',*,*,#1652,.F.);
#2179=ORIENTED_EDGE('',*,*,#1619,.T.);
#2180=ORIENTED_EDGE('',*,*,#1653,.F.);
#2181=ORIENTED_EDGE('',*,*,#1642,.F.);
#2182=ORIENTED_EDGE('',*,*,#1652,.T.);
#2183=ORIENTED_EDGE('',*,*,#1641,.T.);
#2184=ORIENTED_EDGE('',*,*,#1645,.T.);
#2185=ORIENTED_EDGE('',*,*,#1648,.T.);
#2186=ORIENTED_EDGE('',*,*,#1630,.F.);
#2187=ORIENTED_EDGE('',*,*,#1650,.F.);
#2188=ORIENTED_EDGE('',*,*,#1616,.F.);
#2189=ORIENTED_EDGE('',*,*,#1653,.T.);
#2190=ORIENTED_EDGE('',*,*,#1618,.T.);
#2191=ORIENTED_EDGE('',*,*,#1651,.T.);
#2192=ORIENTED_EDGE('',*,*,#1632,.T.);
#2193=ORIENTED_EDGE('',*,*,#1649,.T.);
#2194=ORIENTED_EDGE('',*,*,#1646,.T.);
#2195=ORIENTED_EDGE('',*,*,#1643,.T.);
#2196=ORIENTED_EDGE('',*,*,#1654,.T.);
#2197=ORIENTED_EDGE('',*,*,#1655,.T.);
#2198=ORIENTED_EDGE('',*,*,#1656,.T.);
#2199=ORIENTED_EDGE('',*,*,#1655,.F.);
#2200=ORIENTED_EDGE('',*,*,#1657,.F.);
#2201=ORIENTED_EDGE('',*,*,#1658,.T.);
#2202=ORIENTED_EDGE('',*,*,#1659,.F.);
#2203=ORIENTED_EDGE('',*,*,#1660,.F.);
#2204=ORIENTED_EDGE('',*,*,#1661,.F.);
#2205=ORIENTED_EDGE('',*,*,#1654,.F.);
#2206=ORIENTED_EDGE('',*,*,#1656,.F.);
#2207=ORIENTED_EDGE('',*,*,#1662,.T.);
#2208=ORIENTED_EDGE('',*,*,#1663,.F.);
#2209=ORIENTED_EDGE('',*,*,#1662,.F.);
#2210=ORIENTED_EDGE('',*,*,#1661,.T.);
#2211=ORIENTED_EDGE('',*,*,#1664,.T.);
#2212=ORIENTED_EDGE('',*,*,#1665,.T.);
#2213=ORIENTED_EDGE('',*,*,#1664,.F.);
#2214=ORIENTED_EDGE('',*,*,#1665,.F.);
#2215=ORIENTED_EDGE('',*,*,#1666,.T.);
#2216=ORIENTED_EDGE('',*,*,#1667,.F.);
#2217=ORIENTED_EDGE('',*,*,#1666,.F.);
#2218=ORIENTED_EDGE('',*,*,#1668,.T.);
#2219=ORIENTED_EDGE('',*,*,#1669,.T.);
#2220=ORIENTED_EDGE('',*,*,#1670,.T.);
#2221=ORIENTED_EDGE('',*,*,#1669,.F.);
#2222=ORIENTED_EDGE('',*,*,#1671,.F.);
#2223=ORIENTED_EDGE('',*,*,#1672,.T.);
#2224=ORIENTED_EDGE('',*,*,#1673,.F.);
#2225=ORIENTED_EDGE('',*,*,#1674,.F.);
#2226=ORIENTED_EDGE('',*,*,#1675,.F.);
#2227=ORIENTED_EDGE('',*,*,#1668,.F.);
#2228=ORIENTED_EDGE('',*,*,#1670,.F.);
#2229=ORIENTED_EDGE('',*,*,#1676,.T.);
#2230=ORIENTED_EDGE('',*,*,#1677,.F.);
#2231=ORIENTED_EDGE('',*,*,#1676,.F.);
#2232=ORIENTED_EDGE('',*,*,#1675,.T.);
#2233=ORIENTED_EDGE('',*,*,#1678,.T.);
#2234=ORIENTED_EDGE('',*,*,#1679,.T.);
#2235=ORIENTED_EDGE('',*,*,#1678,.F.);
#2236=ORIENTED_EDGE('',*,*,#1679,.F.);
#2237=ORIENTED_EDGE('',*,*,#1680,.T.);
#2238=ORIENTED_EDGE('',*,*,#1681,.F.);
#2239=ORIENTED_EDGE('',*,*,#1680,.F.);
#2240=ORIENTED_EDGE('',*,*,#1682,.F.);
#2241=ORIENTED_EDGE('',*,*,#1674,.T.);
#2242=ORIENTED_EDGE('',*,*,#1683,.F.);
#2243=ORIENTED_EDGE('',*,*,#1658,.F.);
#2244=ORIENTED_EDGE('',*,*,#1684,.T.);
#2245=ORIENTED_EDGE('',*,*,#1660,.T.);
#2246=ORIENTED_EDGE('',*,*,#1685,.F.);
#2247=ORIENTED_EDGE('',*,*,#1686,.F.);
#2248=ORIENTED_EDGE('',*,*,#1687,.T.);
#2249=ORIENTED_EDGE('',*,*,#1686,.T.);
#2250=ORIENTED_EDGE('',*,*,#1688,.F.);
#2251=ORIENTED_EDGE('',*,*,#1689,.F.);
#2252=ORIENTED_EDGE('',*,*,#1663,.T.);
#2253=ORIENTED_EDGE('',*,*,#1667,.T.);
#2254=ORIENTED_EDGE('',*,*,#1690,.T.);
#2255=ORIENTED_EDGE('',*,*,#1689,.T.);
#2256=ORIENTED_EDGE('',*,*,#1691,.F.);
#2257=ORIENTED_EDGE('',*,*,#1692,.F.);
#2258=ORIENTED_EDGE('',*,*,#1681,.T.);
#2259=ORIENTED_EDGE('',*,*,#1677,.T.);
#2260=ORIENTED_EDGE('',*,*,#1693,.T.);
#2261=ORIENTED_EDGE('',*,*,#1692,.T.);
#2262=ORIENTED_EDGE('',*,*,#1694,.F.);
#2263=ORIENTED_EDGE('',*,*,#1672,.F.);
#2264=ORIENTED_EDGE('',*,*,#1671,.T.);
#2265=ORIENTED_EDGE('',*,*,#1682,.T.);
#2266=ORIENTED_EDGE('',*,*,#1657,.T.);
#2267=ORIENTED_EDGE('',*,*,#1684,.F.);
#2268=ORIENTED_EDGE('',*,*,#1687,.F.);
#2269=ORIENTED_EDGE('',*,*,#1690,.F.);
#2270=ORIENTED_EDGE('',*,*,#1693,.F.);
#2271=ORIENTED_EDGE('',*,*,#1673,.T.);
#2272=ORIENTED_EDGE('',*,*,#1694,.T.);
#2273=ORIENTED_EDGE('',*,*,#1691,.T.);
#2274=ORIENTED_EDGE('',*,*,#1688,.T.);
#2275=ORIENTED_EDGE('',*,*,#1685,.T.);
#2276=ORIENTED_EDGE('',*,*,#1659,.T.);
#2277=ORIENTED_EDGE('',*,*,#1683,.T.);
#2278=ORIENTED_EDGE('',*,*,#1695,.F.);
#2279=ORIENTED_EDGE('',*,*,#1696,.T.);
#2280=ORIENTED_EDGE('',*,*,#1697,.F.);
#2281=ORIENTED_EDGE('',*,*,#1698,.F.);
#2282=ORIENTED_EDGE('',*,*,#1699,.F.);
#2283=ORIENTED_EDGE('',*,*,#1698,.T.);
#2284=ORIENTED_EDGE('',*,*,#1700,.F.);
#2285=ORIENTED_EDGE('',*,*,#1701,.F.);
#2286=ORIENTED_EDGE('',*,*,#1702,.F.);
#2287=ORIENTED_EDGE('',*,*,#1701,.T.);
#2288=ORIENTED_EDGE('',*,*,#1703,.F.);
#2289=ORIENTED_EDGE('',*,*,#1704,.F.);
#2290=ORIENTED_EDGE('',*,*,#1705,.F.);
#2291=ORIENTED_EDGE('',*,*,#1704,.T.);
#2292=ORIENTED_EDGE('',*,*,#1706,.F.);
#2293=ORIENTED_EDGE('',*,*,#1696,.F.);
#2294=ORIENTED_EDGE('',*,*,#1706,.T.);
#2295=ORIENTED_EDGE('',*,*,#1703,.T.);
#2296=ORIENTED_EDGE('',*,*,#1700,.T.);
#2297=ORIENTED_EDGE('',*,*,#1697,.T.);
#2298=ORIENTED_EDGE('',*,*,#1705,.T.);
#2299=ORIENTED_EDGE('',*,*,#1695,.T.);
#2300=ORIENTED_EDGE('',*,*,#1699,.T.);
#2301=ORIENTED_EDGE('',*,*,#1702,.T.);
#2302=ORIENTED_EDGE('',*,*,#1707,.F.);
#2303=ORIENTED_EDGE('',*,*,#1708,.T.);
#2304=ORIENTED_EDGE('',*,*,#1709,.T.);
#2305=ORIENTED_EDGE('',*,*,#1710,.T.);
#2306=ORIENTED_EDGE('',*,*,#1711,.T.);
#2307=ORIENTED_EDGE('',*,*,#1712,.F.);
#2308=ORIENTED_EDGE('',*,*,#1713,.T.);
#2309=ORIENTED_EDGE('',*,*,#1708,.F.);
#2310=ORIENTED_EDGE('',*,*,#1714,.F.);
#2311=ORIENTED_EDGE('',*,*,#1715,.T.);
#2312=ORIENTED_EDGE('',*,*,#1716,.T.);
#2313=ORIENTED_EDGE('',*,*,#1717,.T.);
#2314=ORIENTED_EDGE('',*,*,#1718,.T.);
#2315=ORIENTED_EDGE('',*,*,#1719,.F.);
#2316=ORIENTED_EDGE('',*,*,#1720,.T.);
#2317=ORIENTED_EDGE('',*,*,#1715,.F.);
#2318=ORIENTED_EDGE('',*,*,#1721,.F.);
#2319=ORIENTED_EDGE('',*,*,#1722,.T.);
#2320=ORIENTED_EDGE('',*,*,#1723,.F.);
#2321=ORIENTED_EDGE('',*,*,#1724,.T.);
#2322=ORIENTED_EDGE('',*,*,#1725,.T.);
#2323=ORIENTED_EDGE('',*,*,#1726,.T.);
#2324=ORIENTED_EDGE('',*,*,#1727,.F.);
#2325=ORIENTED_EDGE('',*,*,#1722,.F.);
#2326=ORIENTED_EDGE('',*,*,#1728,.F.);
#2327=ORIENTED_EDGE('',*,*,#1729,.T.);
#2328=ORIENTED_EDGE('',*,*,#1730,.T.);
#2329=ORIENTED_EDGE('',*,*,#1731,.T.);
#2330=ORIENTED_EDGE('',*,*,#1732,.F.);
#2331=ORIENTED_EDGE('',*,*,#1733,.T.);
#2332=ORIENTED_EDGE('',*,*,#1734,.T.);
#2333=ORIENTED_EDGE('',*,*,#1729,.F.);
#2334=ORIENTED_EDGE('',*,*,#1735,.F.);
#2335=ORIENTED_EDGE('',*,*,#1736,.T.);
#2336=ORIENTED_EDGE('',*,*,#1737,.F.);
#2337=ORIENTED_EDGE('',*,*,#1736,.F.);
#2338=ORIENTED_EDGE('',*,*,#1714,.T.);
#2339=ORIENTED_EDGE('',*,*,#1735,.T.);
#2340=ORIENTED_EDGE('',*,*,#1737,.T.);
#2341=ORIENTED_EDGE('',*,*,#1738,.F.);
#2342=ORIENTED_EDGE('',*,*,#1739,.T.);
#2343=ORIENTED_EDGE('',*,*,#1740,.F.);
#2344=ORIENTED_EDGE('',*,*,#1739,.F.);
#2345=ORIENTED_EDGE('',*,*,#1728,.T.);
#2346=ORIENTED_EDGE('',*,*,#1738,.T.);
#2347=ORIENTED_EDGE('',*,*,#1713,.F.);
#2348=ORIENTED_EDGE('',*,*,#1741,.T.);
#2349=ORIENTED_EDGE('',*,*,#1724,.F.);
#2350=ORIENTED_EDGE('',*,*,#1742,.T.);
#2351=ORIENTED_EDGE('',*,*,#1733,.F.);
#2352=ORIENTED_EDGE('',*,*,#1743,.T.);
#2353=ORIENTED_EDGE('',*,*,#1716,.F.);
#2354=ORIENTED_EDGE('',*,*,#1720,.F.);
#2355=ORIENTED_EDGE('',*,*,#1744,.T.);
#2356=ORIENTED_EDGE('',*,*,#1709,.F.);
#2357=ORIENTED_EDGE('',*,*,#1745,.F.);
#2358=ORIENTED_EDGE('',*,*,#1746,.F.);
#2359=ORIENTED_EDGE('',*,*,#1747,.F.);
#2360=ORIENTED_EDGE('',*,*,#1748,.T.);
#2361=ORIENTED_EDGE('',*,*,#1749,.F.);
#2362=ORIENTED_EDGE('',*,*,#1748,.F.);
#2363=ORIENTED_EDGE('',*,*,#1707,.T.);
#2364=ORIENTED_EDGE('',*,*,#1747,.T.);
#2365=ORIENTED_EDGE('',*,*,#1740,.T.);
#2366=ORIENTED_EDGE('',*,*,#1750,.F.);
#2367=ORIENTED_EDGE('',*,*,#1751,.T.);
#2368=ORIENTED_EDGE('',*,*,#1752,.F.);
#2369=ORIENTED_EDGE('',*,*,#1751,.F.);
#2370=ORIENTED_EDGE('',*,*,#1721,.T.);
#2371=ORIENTED_EDGE('',*,*,#1750,.T.);
#2372=ORIENTED_EDGE('',*,*,#1749,.T.);
#2373=ORIENTED_EDGE('',*,*,#1753,.T.);
#2374=ORIENTED_EDGE('',*,*,#1754,.T.);
#2375=ORIENTED_EDGE('',*,*,#1755,.T.);
#2376=ORIENTED_EDGE('',*,*,#1754,.F.);
#2377=ORIENTED_EDGE('',*,*,#1756,.T.);
#2378=ORIENTED_EDGE('',*,*,#1753,.F.);
#2379=ORIENTED_EDGE('',*,*,#1757,.T.);
#2380=ORIENTED_EDGE('',*,*,#1758,.T.);
#2381=ORIENTED_EDGE('',*,*,#1759,.T.);
#2382=ORIENTED_EDGE('',*,*,#1758,.F.);
#2383=ORIENTED_EDGE('',*,*,#1760,.T.);
#2384=ORIENTED_EDGE('',*,*,#1757,.F.);
#2385=ORIENTED_EDGE('',*,*,#1746,.T.);
#2386=ORIENTED_EDGE('',*,*,#1761,.T.);
#2387=ORIENTED_EDGE('',*,*,#1756,.F.);
#2388=ORIENTED_EDGE('',*,*,#1761,.F.);
#2389=ORIENTED_EDGE('',*,*,#1752,.T.);
#2390=ORIENTED_EDGE('',*,*,#1745,.T.);
#2391=ORIENTED_EDGE('',*,*,#1762,.T.);
#2392=ORIENTED_EDGE('',*,*,#1760,.F.);
#2393=ORIENTED_EDGE('',*,*,#1762,.F.);
#2394=ORIENTED_EDGE('',*,*,#1763,.T.);
#2395=ORIENTED_EDGE('',*,*,#1764,.T.);
#2396=ORIENTED_EDGE('',*,*,#1717,.F.);
#2397=ORIENTED_EDGE('',*,*,#1743,.F.);
#2398=ORIENTED_EDGE('',*,*,#1732,.T.);
#2399=ORIENTED_EDGE('',*,*,#1765,.F.);
#2400=ORIENTED_EDGE('',*,*,#1766,.T.);
#2401=ORIENTED_EDGE('',*,*,#1765,.T.);
#2402=ORIENTED_EDGE('',*,*,#1731,.F.);
#2403=ORIENTED_EDGE('',*,*,#1767,.F.);
#2404=ORIENTED_EDGE('',*,*,#1768,.T.);
#2405=ORIENTED_EDGE('',*,*,#1767,.T.);
#2406=ORIENTED_EDGE('',*,*,#1730,.F.);
#2407=ORIENTED_EDGE('',*,*,#1734,.F.);
#2408=ORIENTED_EDGE('',*,*,#1742,.F.);
#2409=ORIENTED_EDGE('',*,*,#1723,.T.);
#2410=ORIENTED_EDGE('',*,*,#1727,.T.);
#2411=ORIENTED_EDGE('',*,*,#1769,.F.);
#2412=ORIENTED_EDGE('',*,*,#1770,.T.);
#2413=ORIENTED_EDGE('',*,*,#1769,.T.);
#2414=ORIENTED_EDGE('',*,*,#1726,.F.);
#2415=ORIENTED_EDGE('',*,*,#1771,.F.);
#2416=ORIENTED_EDGE('',*,*,#1772,.T.);
#2417=ORIENTED_EDGE('',*,*,#1771,.T.);
#2418=ORIENTED_EDGE('',*,*,#1725,.F.);
#2419=ORIENTED_EDGE('',*,*,#1741,.F.);
#2420=ORIENTED_EDGE('',*,*,#1712,.T.);
#2421=ORIENTED_EDGE('',*,*,#1773,.F.);
#2422=ORIENTED_EDGE('',*,*,#1774,.T.);
#2423=ORIENTED_EDGE('',*,*,#1773,.T.);
#2424=ORIENTED_EDGE('',*,*,#1711,.F.);
#2425=ORIENTED_EDGE('',*,*,#1775,.F.);
#2426=ORIENTED_EDGE('',*,*,#1776,.T.);
#2427=ORIENTED_EDGE('',*,*,#1775,.T.);
#2428=ORIENTED_EDGE('',*,*,#1710,.F.);
#2429=ORIENTED_EDGE('',*,*,#1744,.F.);
#2430=ORIENTED_EDGE('',*,*,#1719,.T.);
#2431=ORIENTED_EDGE('',*,*,#1777,.F.);
#2432=ORIENTED_EDGE('',*,*,#1778,.T.);
#2433=ORIENTED_EDGE('',*,*,#1777,.T.);
#2434=ORIENTED_EDGE('',*,*,#1718,.F.);
#2435=ORIENTED_EDGE('',*,*,#1764,.F.);
#2436=ORIENTED_EDGE('',*,*,#1778,.F.);
#2437=ORIENTED_EDGE('',*,*,#1763,.F.);
#2438=ORIENTED_EDGE('',*,*,#1766,.F.);
#2439=ORIENTED_EDGE('',*,*,#1768,.F.);
#2440=ORIENTED_EDGE('',*,*,#1770,.F.);
#2441=ORIENTED_EDGE('',*,*,#1772,.F.);
#2442=ORIENTED_EDGE('',*,*,#1774,.F.);
#2443=ORIENTED_EDGE('',*,*,#1776,.F.);
#2444=ORIENTED_EDGE('',*,*,#1755,.F.);
#2445=ORIENTED_EDGE('',*,*,#1759,.F.);
#2446=ORIENTED_EDGE('',*,*,#1779,.F.);
#2447=ORIENTED_EDGE('',*,*,#1780,.T.);
#2448=ORIENTED_EDGE('',*,*,#1781,.F.);
#2449=ORIENTED_EDGE('',*,*,#1782,.F.);
#2450=ORIENTED_EDGE('',*,*,#1783,.F.);
#2451=ORIENTED_EDGE('',*,*,#1784,.T.);
#2452=ORIENTED_EDGE('',*,*,#1785,.F.);
#2453=ORIENTED_EDGE('',*,*,#1780,.F.);
#2454=ORIENTED_EDGE('',*,*,#1786,.F.);
#2455=ORIENTED_EDGE('',*,*,#1782,.T.);
#2456=ORIENTED_EDGE('',*,*,#1787,.F.);
#2457=ORIENTED_EDGE('',*,*,#1788,.F.);
#2458=ORIENTED_EDGE('',*,*,#1789,.F.);
#2459=ORIENTED_EDGE('',*,*,#1788,.T.);
#2460=ORIENTED_EDGE('',*,*,#1790,.F.);
#2461=ORIENTED_EDGE('',*,*,#1784,.F.);
#2462=ORIENTED_EDGE('',*,*,#1785,.T.);
#2463=ORIENTED_EDGE('',*,*,#1790,.T.);
#2464=ORIENTED_EDGE('',*,*,#1787,.T.);
#2465=ORIENTED_EDGE('',*,*,#1781,.T.);
#2466=ORIENTED_EDGE('',*,*,#1791,.F.);
#2467=ORIENTED_EDGE('',*,*,#1792,.T.);
#2468=ORIENTED_EDGE('',*,*,#1793,.F.);
#2469=ORIENTED_EDGE('',*,*,#1794,.F.);
#2470=ORIENTED_EDGE('',*,*,#1795,.F.);
#2471=ORIENTED_EDGE('',*,*,#1794,.T.);
#2472=ORIENTED_EDGE('',*,*,#1796,.F.);
#2473=ORIENTED_EDGE('',*,*,#1797,.F.);
#2474=ORIENTED_EDGE('',*,*,#1798,.F.);
#2475=ORIENTED_EDGE('',*,*,#1797,.T.);
#2476=ORIENTED_EDGE('',*,*,#1799,.F.);
#2477=ORIENTED_EDGE('',*,*,#1800,.F.);
#2478=ORIENTED_EDGE('',*,*,#1801,.F.);
#2479=ORIENTED_EDGE('',*,*,#1800,.T.);
#2480=ORIENTED_EDGE('',*,*,#1802,.F.);
#2481=ORIENTED_EDGE('',*,*,#1792,.F.);
#2482=ORIENTED_EDGE('',*,*,#1802,.T.);
#2483=ORIENTED_EDGE('',*,*,#1799,.T.);
#2484=ORIENTED_EDGE('',*,*,#1796,.T.);
#2485=ORIENTED_EDGE('',*,*,#1793,.T.);
#2486=ORIENTED_EDGE('',*,*,#1783,.T.);
#2487=ORIENTED_EDGE('',*,*,#1779,.T.);
#2488=ORIENTED_EDGE('',*,*,#1786,.T.);
#2489=ORIENTED_EDGE('',*,*,#1789,.T.);
#2490=ORIENTED_EDGE('',*,*,#1801,.T.);
#2491=ORIENTED_EDGE('',*,*,#1791,.T.);
#2492=ORIENTED_EDGE('',*,*,#1795,.T.);
#2493=ORIENTED_EDGE('',*,*,#1798,.T.);
#2494=ORIENTED_EDGE('',*,*,#1803,.T.);
#2495=ORIENTED_EDGE('',*,*,#1804,.T.);
#2496=ORIENTED_EDGE('',*,*,#1803,.F.);
#2497=ORIENTED_EDGE('',*,*,#1805,.T.);
#2498=ORIENTED_EDGE('',*,*,#1805,.F.);
#2499=ORIENTED_EDGE('',*,*,#1804,.F.);
#2500=ORIENTED_EDGE('',*,*,#1806,.T.);
#2501=ORIENTED_EDGE('',*,*,#1807,.T.);
#2502=ORIENTED_EDGE('',*,*,#1808,.F.);
#2503=ORIENTED_EDGE('',*,*,#1809,.F.);
#2504=ORIENTED_EDGE('',*,*,#1810,.F.);
#2505=ORIENTED_EDGE('',*,*,#1809,.T.);
#2506=ORIENTED_EDGE('',*,*,#1811,.F.);
#2507=ORIENTED_EDGE('',*,*,#1812,.F.);
#2508=ORIENTED_EDGE('',*,*,#1813,.T.);
#2509=ORIENTED_EDGE('',*,*,#1812,.T.);
#2510=ORIENTED_EDGE('',*,*,#1814,.F.);
#2511=ORIENTED_EDGE('',*,*,#1815,.F.);
#2512=ORIENTED_EDGE('',*,*,#1816,.T.);
#2513=ORIENTED_EDGE('',*,*,#1815,.T.);
#2514=ORIENTED_EDGE('',*,*,#1817,.F.);
#2515=ORIENTED_EDGE('',*,*,#1818,.F.);
#2516=ORIENTED_EDGE('',*,*,#1819,.T.);
#2517=ORIENTED_EDGE('',*,*,#1818,.T.);
#2518=ORIENTED_EDGE('',*,*,#1820,.F.);
#2519=ORIENTED_EDGE('',*,*,#1821,.F.);
#2520=ORIENTED_EDGE('',*,*,#1822,.T.);
#2521=ORIENTED_EDGE('',*,*,#1821,.T.);
#2522=ORIENTED_EDGE('',*,*,#1823,.F.);
#2523=ORIENTED_EDGE('',*,*,#1824,.F.);
#2524=ORIENTED_EDGE('',*,*,#1825,.F.);
#2525=ORIENTED_EDGE('',*,*,#1824,.T.);
#2526=ORIENTED_EDGE('',*,*,#1826,.F.);
#2527=ORIENTED_EDGE('',*,*,#1807,.F.);
#2528=ORIENTED_EDGE('',*,*,#1825,.T.);
#2529=ORIENTED_EDGE('',*,*,#1806,.F.);
#2530=ORIENTED_EDGE('',*,*,#1810,.T.);
#2531=ORIENTED_EDGE('',*,*,#1813,.F.);
#2532=ORIENTED_EDGE('',*,*,#1816,.F.);
#2533=ORIENTED_EDGE('',*,*,#1819,.F.);
#2534=ORIENTED_EDGE('',*,*,#1822,.F.);
#2535=ORIENTED_EDGE('',*,*,#1826,.T.);
#2536=ORIENTED_EDGE('',*,*,#1823,.T.);
#2537=ORIENTED_EDGE('',*,*,#1820,.T.);
#2538=ORIENTED_EDGE('',*,*,#1817,.T.);
#2539=ORIENTED_EDGE('',*,*,#1814,.T.);
#2540=ORIENTED_EDGE('',*,*,#1811,.T.);
#2541=ORIENTED_EDGE('',*,*,#1808,.T.);
#2542=ORIENTED_EDGE('',*,*,#1827,.F.);
#2543=ORIENTED_EDGE('',*,*,#1828,.T.);
#2544=ORIENTED_EDGE('',*,*,#1829,.F.);
#2545=ORIENTED_EDGE('',*,*,#1830,.F.);
#2546=ORIENTED_EDGE('',*,*,#1831,.F.);
#2547=ORIENTED_EDGE('',*,*,#1830,.T.);
#2548=ORIENTED_EDGE('',*,*,#1832,.F.);
#2549=ORIENTED_EDGE('',*,*,#1833,.F.);
#2550=ORIENTED_EDGE('',*,*,#1834,.F.);
#2551=ORIENTED_EDGE('',*,*,#1833,.T.);
#2552=ORIENTED_EDGE('',*,*,#1835,.F.);
#2553=ORIENTED_EDGE('',*,*,#1836,.F.);
#2554=ORIENTED_EDGE('',*,*,#1837,.T.);
#2555=ORIENTED_EDGE('',*,*,#1836,.T.);
#2556=ORIENTED_EDGE('',*,*,#1838,.F.);
#2557=ORIENTED_EDGE('',*,*,#1839,.F.);
#2558=ORIENTED_EDGE('',*,*,#1840,.F.);
#2559=ORIENTED_EDGE('',*,*,#1839,.T.);
#2560=ORIENTED_EDGE('',*,*,#1841,.F.);
#2561=ORIENTED_EDGE('',*,*,#1842,.F.);
#2562=ORIENTED_EDGE('',*,*,#1843,.T.);
#2563=ORIENTED_EDGE('',*,*,#1842,.T.);
#2564=ORIENTED_EDGE('',*,*,#1844,.F.);
#2565=ORIENTED_EDGE('',*,*,#1845,.F.);
#2566=ORIENTED_EDGE('',*,*,#1846,.F.);
#2567=ORIENTED_EDGE('',*,*,#1845,.T.);
#2568=ORIENTED_EDGE('',*,*,#1847,.F.);
#2569=ORIENTED_EDGE('',*,*,#1828,.F.);
#2570=ORIENTED_EDGE('',*,*,#1846,.T.);
#2571=ORIENTED_EDGE('',*,*,#1827,.T.);
#2572=ORIENTED_EDGE('',*,*,#1831,.T.);
#2573=ORIENTED_EDGE('',*,*,#1834,.T.);
#2574=ORIENTED_EDGE('',*,*,#1837,.F.);
#2575=ORIENTED_EDGE('',*,*,#1840,.T.);
#2576=ORIENTED_EDGE('',*,*,#1843,.F.);
#2577=ORIENTED_EDGE('',*,*,#1847,.T.);
#2578=ORIENTED_EDGE('',*,*,#1844,.T.);
#2579=ORIENTED_EDGE('',*,*,#1841,.T.);
#2580=ORIENTED_EDGE('',*,*,#1838,.T.);
#2581=ORIENTED_EDGE('',*,*,#1835,.T.);
#2582=ORIENTED_EDGE('',*,*,#1832,.T.);
#2583=ORIENTED_EDGE('',*,*,#1829,.T.);
#2584=ORIENTED_EDGE('',*,*,#1848,.F.);
#2585=ORIENTED_EDGE('',*,*,#1849,.T.);
#2586=ORIENTED_EDGE('',*,*,#1850,.F.);
#2587=ORIENTED_EDGE('',*,*,#1851,.F.);
#2588=ORIENTED_EDGE('',*,*,#1852,.F.);
#2589=ORIENTED_EDGE('',*,*,#1851,.T.);
#2590=ORIENTED_EDGE('',*,*,#1853,.F.);
#2591=ORIENTED_EDGE('',*,*,#1854,.F.);
#2592=ORIENTED_EDGE('',*,*,#1855,.T.);
#2593=ORIENTED_EDGE('',*,*,#1854,.T.);
#2594=ORIENTED_EDGE('',*,*,#1856,.F.);
#2595=ORIENTED_EDGE('',*,*,#1857,.F.);
#2596=ORIENTED_EDGE('',*,*,#1858,.T.);
#2597=ORIENTED_EDGE('',*,*,#1857,.T.);
#2598=ORIENTED_EDGE('',*,*,#1859,.F.);
#2599=ORIENTED_EDGE('',*,*,#1860,.F.);
#2600=ORIENTED_EDGE('',*,*,#1861,.T.);
#2601=ORIENTED_EDGE('',*,*,#1860,.T.);
#2602=ORIENTED_EDGE('',*,*,#1862,.F.);
#2603=ORIENTED_EDGE('',*,*,#1863,.F.);
#2604=ORIENTED_EDGE('',*,*,#1864,.T.);
#2605=ORIENTED_EDGE('',*,*,#1863,.T.);
#2606=ORIENTED_EDGE('',*,*,#1865,.F.);
#2607=ORIENTED_EDGE('',*,*,#1866,.F.);
#2608=ORIENTED_EDGE('',*,*,#1867,.F.);
#2609=ORIENTED_EDGE('',*,*,#1866,.T.);
#2610=ORIENTED_EDGE('',*,*,#1868,.F.);
#2611=ORIENTED_EDGE('',*,*,#1849,.F.);
#2612=ORIENTED_EDGE('',*,*,#1867,.T.);
#2613=ORIENTED_EDGE('',*,*,#1848,.T.);
#2614=ORIENTED_EDGE('',*,*,#1852,.T.);
#2615=ORIENTED_EDGE('',*,*,#1855,.F.);
#2616=ORIENTED_EDGE('',*,*,#1858,.F.);
#2617=ORIENTED_EDGE('',*,*,#1861,.F.);
#2618=ORIENTED_EDGE('',*,*,#1864,.F.);
#2619=ORIENTED_EDGE('',*,*,#1868,.T.);
#2620=ORIENTED_EDGE('',*,*,#1865,.T.);
#2621=ORIENTED_EDGE('',*,*,#1862,.T.);
#2622=ORIENTED_EDGE('',*,*,#1859,.T.);
#2623=ORIENTED_EDGE('',*,*,#1856,.T.);
#2624=ORIENTED_EDGE('',*,*,#1853,.T.);
#2625=ORIENTED_EDGE('',*,*,#1850,.T.);
#2626=ORIENTED_EDGE('',*,*,#1869,.F.);
#2627=ORIENTED_EDGE('',*,*,#1870,.T.);
#2628=ORIENTED_EDGE('',*,*,#1871,.F.);
#2629=ORIENTED_EDGE('',*,*,#1872,.F.);
#2630=ORIENTED_EDGE('',*,*,#1873,.F.);
#2631=ORIENTED_EDGE('',*,*,#1872,.T.);
#2632=ORIENTED_EDGE('',*,*,#1874,.F.);
#2633=ORIENTED_EDGE('',*,*,#1875,.F.);
#2634=ORIENTED_EDGE('',*,*,#1876,.F.);
#2635=ORIENTED_EDGE('',*,*,#1875,.T.);
#2636=ORIENTED_EDGE('',*,*,#1877,.F.);
#2637=ORIENTED_EDGE('',*,*,#1878,.F.);
#2638=ORIENTED_EDGE('',*,*,#1879,.T.);
#2639=ORIENTED_EDGE('',*,*,#1878,.T.);
#2640=ORIENTED_EDGE('',*,*,#1880,.F.);
#2641=ORIENTED_EDGE('',*,*,#1881,.F.);
#2642=ORIENTED_EDGE('',*,*,#1882,.T.);
#2643=ORIENTED_EDGE('',*,*,#1881,.T.);
#2644=ORIENTED_EDGE('',*,*,#1883,.F.);
#2645=ORIENTED_EDGE('',*,*,#1884,.F.);
#2646=ORIENTED_EDGE('',*,*,#1885,.T.);
#2647=ORIENTED_EDGE('',*,*,#1884,.T.);
#2648=ORIENTED_EDGE('',*,*,#1886,.F.);
#2649=ORIENTED_EDGE('',*,*,#1887,.F.);
#2650=ORIENTED_EDGE('',*,*,#1888,.F.);
#2651=ORIENTED_EDGE('',*,*,#1887,.T.);
#2652=ORIENTED_EDGE('',*,*,#1889,.F.);
#2653=ORIENTED_EDGE('',*,*,#1870,.F.);
#2654=ORIENTED_EDGE('',*,*,#1888,.T.);
#2655=ORIENTED_EDGE('',*,*,#1869,.T.);
#2656=ORIENTED_EDGE('',*,*,#1873,.T.);
#2657=ORIENTED_EDGE('',*,*,#1876,.T.);
#2658=ORIENTED_EDGE('',*,*,#1879,.F.);
#2659=ORIENTED_EDGE('',*,*,#1882,.F.);
#2660=ORIENTED_EDGE('',*,*,#1885,.F.);
#2661=ORIENTED_EDGE('',*,*,#1889,.T.);
#2662=ORIENTED_EDGE('',*,*,#1886,.T.);
#2663=ORIENTED_EDGE('',*,*,#1883,.T.);
#2664=ORIENTED_EDGE('',*,*,#1880,.T.);
#2665=ORIENTED_EDGE('',*,*,#1877,.T.);
#2666=ORIENTED_EDGE('',*,*,#1874,.T.);
#2667=ORIENTED_EDGE('',*,*,#1871,.T.);
#2668=PLANE('',#3089);
#2669=PLANE('',#3090);
#2670=PLANE('',#3091);
#2671=PLANE('',#3092);
#2672=PLANE('',#3093);
#2673=PLANE('',#3094);
#2674=PLANE('',#3096);
#2675=PLANE('',#3100);
#2676=PLANE('',#3104);
#2677=PLANE('',#3108);
#2678=PLANE('',#3120);
#2679=PLANE('',#3121);
#2680=PLANE('',#3122);
#2681=PLANE('',#3131);
#2682=PLANE('',#3132);
#2683=PLANE('',#3133);
#2684=PLANE('',#3134);
#2685=PLANE('',#3135);
#2686=PLANE('',#3136);
#2687=PLANE('',#3137);
#2688=PLANE('',#3138);
#2689=PLANE('',#3139);
#2690=PLANE('',#3140);
#2691=PLANE('',#3141);
#2692=PLANE('',#3142);
#2693=PLANE('',#3143);
#2694=PLANE('',#3144);
#2695=PLANE('',#3145);
#2696=PLANE('',#3146);
#2697=PLANE('',#3147);
#2698=PLANE('',#3150);
#2699=PLANE('',#3151);
#2700=PLANE('',#3152);
#2701=PLANE('',#3153);
#2702=PLANE('',#3154);
#2703=PLANE('',#3155);
#2704=PLANE('',#3160);
#2705=PLANE('',#3171);
#2706=PLANE('',#3179);
#2707=PLANE('',#3180);
#2708=PLANE('',#3181);
#2709=PLANE('',#3182);
#2710=PLANE('',#3183);
#2711=PLANE('',#3184);
#2712=PLANE('',#3185);
#2713=PLANE('',#3189);
#2714=PLANE('',#3200);
#2715=PLANE('',#3208);
#2716=PLANE('',#3209);
#2717=PLANE('',#3210);
#2718=PLANE('',#3211);
#2719=PLANE('',#3212);
#2720=PLANE('',#3213);
#2721=PLANE('',#3214);
#2722=PLANE('',#3218);
#2723=PLANE('',#3219);
#2724=PLANE('',#3220);
#2725=PLANE('',#3221);
#2726=PLANE('',#3222);
#2727=PLANE('',#3223);
#2728=PLANE('',#3247);
#2729=PLANE('',#3248);
#2730=PLANE('',#3252);
#2731=PLANE('',#3253);
#2732=PLANE('',#3259);
#2733=PLANE('',#3260);
#2734=PLANE('',#3264);
#2735=PLANE('',#3265);
#2736=PLANE('',#3269);
#2737=PLANE('',#3274);
#2738=PLANE('',#3277);
#2739=PLANE('',#3279);
#2740=PLANE('',#3282);
#2741=PLANE('',#3285);
#2742=PLANE('',#3288);
#2743=PLANE('',#3291);
#2744=PLANE('',#3294);
#2745=PLANE('',#3295);
#2746=PLANE('',#3296);
#2747=PLANE('',#3297);
#2748=PLANE('',#3298);
#2749=PLANE('',#3299);
#2750=PLANE('',#3300);
#2751=PLANE('',#3301);
#2752=PLANE('',#3302);
#2753=PLANE('',#3303);
#2754=PLANE('',#3304);
#2755=PLANE('',#3307);
#2756=PLANE('',#3308);
#2757=PLANE('',#3310);
#2758=PLANE('',#3311);
#2759=PLANE('',#3312);
#2760=PLANE('',#3313);
#2761=PLANE('',#3314);
#2762=PLANE('',#3315);
#2763=PLANE('',#3316);
#2764=PLANE('',#3317);
#2765=PLANE('',#3318);
#2766=PLANE('',#3319);
#2767=PLANE('',#3320);
#2768=PLANE('',#3321);
#2769=PLANE('',#3322);
#2770=PLANE('',#3323);
#2771=PLANE('',#3324);
#2772=PLANE('',#3325);
#2773=PLANE('',#3326);
#2774=PLANE('',#3327);
#2775=PLANE('',#3329);
#2776=PLANE('',#3330);
#2777=PLANE('',#3331);
#2778=PLANE('',#3332);
#2779=PLANE('',#3333);
#2780=PLANE('',#3334);
#2781=PLANE('',#3335);
#2782=PLANE('',#3336);
#2783=PLANE('',#3337);
#2784=PLANE('',#3338);
#2785=PLANE('',#3339);
#2786=PLANE('',#3340);
#2787=PLANE('',#3341);
#2788=PLANE('',#3342);
#2789=PLANE('',#3343);
#2790=PLANE('',#3344);
#2791=PLANE('',#3345);
#2792=PLANE('',#3346);
#2793=ADVANCED_FACE('',(#276),#2668,.T.);
#2794=ADVANCED_FACE('',(#277),#2669,.T.);
#2795=ADVANCED_FACE('',(#278),#2670,.T.);
#2796=ADVANCED_FACE('',(#279),#2671,.T.);
#2797=ADVANCED_FACE('',(#280),#2672,.T.);
#2798=ADVANCED_FACE('',(#281),#2673,.T.);
#2799=ADVANCED_FACE('',(#282),#2674,.F.);
#2800=ADVANCED_FACE('',(#283),#202,.F.);
#2801=ADVANCED_FACE('',(#284),#2675,.F.);
#2802=ADVANCED_FACE('',(#285),#203,.F.);
#2803=ADVANCED_FACE('',(#286),#2676,.F.);
#2804=ADVANCED_FACE('',(#287),#204,.F.);
#2805=ADVANCED_FACE('',(#288),#2677,.F.);
#2806=ADVANCED_FACE('',(#289),#205,.F.);
#2807=ADVANCED_FACE('',(#290),#206,.T.);
#2808=ADVANCED_FACE('',(#291),#207,.T.);
#2809=ADVANCED_FACE('',(#292),#208,.T.);
#2810=ADVANCED_FACE('',(#293),#209,.T.);
#2811=ADVANCED_FACE('',(#294),#2678,.T.);
#2812=ADVANCED_FACE('',(#295),#2679,.T.);
#2813=ADVANCED_FACE('',(#296,#92),#2680,.T.);
#2814=ADVANCED_FACE('',(#297),#210,.T.);
#2815=ADVANCED_FACE('',(#298),#211,.T.);
#2816=ADVANCED_FACE('',(#299),#212,.T.);
#2817=ADVANCED_FACE('',(#300),#213,.T.);
#2818=ADVANCED_FACE('',(#301),#2681,.T.);
#2819=ADVANCED_FACE('',(#302),#2682,.T.);
#2820=ADVANCED_FACE('',(#303),#2683,.T.);
#2821=ADVANCED_FACE('',(#304),#2684,.T.);
#2822=ADVANCED_FACE('',(#305),#2685,.T.);
#2823=ADVANCED_FACE('',(#306,#93,#94),#2686,.T.);
#2824=ADVANCED_FACE('',(#307,#95),#2687,.T.);
#2825=ADVANCED_FACE('',(#308),#2688,.T.);
#2826=ADVANCED_FACE('',(#309),#2689,.T.);
#2827=ADVANCED_FACE('',(#310),#2690,.T.);
#2828=ADVANCED_FACE('',(#311),#2691,.T.);
#2829=ADVANCED_FACE('',(#312,#96),#2692,.F.);
#2830=ADVANCED_FACE('',(#313),#2693,.T.);
#2831=ADVANCED_FACE('',(#314,#97),#2694,.T.);
#2832=ADVANCED_FACE('',(#315),#2695,.T.);
#2833=ADVANCED_FACE('',(#316,#98,#99),#2696,.T.);
#2834=ADVANCED_FACE('',(#317),#2697,.T.);
#2835=ADVANCED_FACE('',(#318),#2698,.F.);
#2836=ADVANCED_FACE('',(#319),#2699,.F.);
#2837=ADVANCED_FACE('',(#320),#2700,.T.);
#2838=ADVANCED_FACE('',(#321),#2701,.F.);
#2839=ADVANCED_FACE('',(#322),#2702,.T.);
#2840=ADVANCED_FACE('',(#323),#2703,.T.);
#2841=ADVANCED_FACE('',(#324),#80,.F.);
#2842=ADVANCED_FACE('',(#325,#100,#101),#2704,.T.);
#2843=ADVANCED_FACE('',(#326),#214,.F.);
#2844=ADVANCED_FACE('',(#327),#81,.F.);
#2845=ADVANCED_FACE('',(#328),#215,.F.);
#2846=ADVANCED_FACE('',(#329),#82,.F.);
#2847=ADVANCED_FACE('',(#330,#102,#103),#2705,.T.);
#2848=ADVANCED_FACE('',(#331),#216,.F.);
#2849=ADVANCED_FACE('',(#332),#83,.F.);
#2850=ADVANCED_FACE('',(#333),#217,.F.);
#2851=ADVANCED_FACE('',(#334,#104,#105),#2706,.T.);
#2852=ADVANCED_FACE('',(#335,#106,#107),#2707,.T.);
#2853=ADVANCED_FACE('',(#336),#2708,.T.);
#2854=ADVANCED_FACE('',(#337),#2709,.T.);
#2855=ADVANCED_FACE('',(#338),#2710,.T.);
#2856=ADVANCED_FACE('',(#339),#2711,.T.);
#2857=ADVANCED_FACE('',(#340),#2712,.T.);
#2858=ADVANCED_FACE('',(#341),#84,.F.);
#2859=ADVANCED_FACE('',(#342,#108,#109),#2713,.T.);
#2860=ADVANCED_FACE('',(#343),#218,.F.);
#2861=ADVANCED_FACE('',(#344),#85,.F.);
#2862=ADVANCED_FACE('',(#345),#219,.F.);
#2863=ADVANCED_FACE('',(#346),#86,.F.);
#2864=ADVANCED_FACE('',(#347,#110,#111),#2714,.T.);
#2865=ADVANCED_FACE('',(#348),#220,.F.);
#2866=ADVANCED_FACE('',(#349),#87,.F.);
#2867=ADVANCED_FACE('',(#350),#221,.F.);
#2868=ADVANCED_FACE('',(#351),#2715,.T.);
#2869=ADVANCED_FACE('',(#352),#2716,.T.);
#2870=ADVANCED_FACE('',(#353,#112,#113),#2717,.T.);
#2871=ADVANCED_FACE('',(#354,#114,#115),#2718,.T.);
#2872=ADVANCED_FACE('',(#355),#2719,.T.);
#2873=ADVANCED_FACE('',(#356),#2720,.T.);
#2874=ADVANCED_FACE('',(#357),#2721,.T.);
#2875=ADVANCED_FACE('',(#358),#2722,.T.);
#2876=ADVANCED_FACE('',(#359),#2723,.T.);
#2877=ADVANCED_FACE('',(#360),#2724,.T.);
#2878=ADVANCED_FACE('',(#361),#2725,.T.);
#2879=ADVANCED_FACE('',(#362),#2726,.T.);
#2880=ADVANCED_FACE('',(#363),#2727,.F.);
#2881=ADVANCED_FACE('',(#364),#28,.F.);
#2882=ADVANCED_FACE('',(#365),#29,.F.);
#2883=ADVANCED_FACE('',(#366),#30,.F.);
#2884=ADVANCED_FACE('',(#367),#31,.F.);
#2885=ADVANCED_FACE('',(#368),#222,.F.);
#2886=ADVANCED_FACE('',(#369,#116),#2728,.T.);
#2887=ADVANCED_FACE('',(#370),#2729,.T.);
#2888=ADVANCED_FACE('',(#371),#223,.F.);
#2889=ADVANCED_FACE('',(#372,#117),#2730,.T.);
#2890=ADVANCED_FACE('',(#373,#118,#119),#2731,.T.);
#2891=ADVANCED_FACE('',(#374),#224,.F.);
#2892=ADVANCED_FACE('',(#375,#120),#2732,.T.);
#2893=ADVANCED_FACE('',(#376),#2733,.T.);
#2894=ADVANCED_FACE('',(#377),#225,.F.);
#2895=ADVANCED_FACE('',(#378,#121),#2734,.T.);
#2896=ADVANCED_FACE('',(#379),#2735,.T.);
#2897=ADVANCED_FACE('',(#380),#88,.F.);
#2898=ADVANCED_FACE('',(#381,#122),#2736,.T.);
#2899=ADVANCED_FACE('',(#382),#89,.F.);
#2900=ADVANCED_FACE('',(#383,#123),#2737,.T.);
#2901=ADVANCED_FACE('',(#384),#90,.T.);
#2902=ADVANCED_FACE('',(#385),#2738,.T.);
#2903=ADVANCED_FACE('',(#386),#91,.T.);
#2904=ADVANCED_FACE('',(#387),#2739,.T.);
#2905=ADVANCED_FACE('',(#388),#226,.T.);
#2906=ADVANCED_FACE('',(#389),#2740,.T.);
#2907=ADVANCED_FACE('',(#390),#227,.T.);
#2908=ADVANCED_FACE('',(#391),#2741,.T.);
#2909=ADVANCED_FACE('',(#392),#228,.T.);
#2910=ADVANCED_FACE('',(#393),#2742,.T.);
#2911=ADVANCED_FACE('',(#394),#229,.T.);
#2912=ADVANCED_FACE('',(#395,#124,#125),#2743,.F.);
#2913=ADVANCED_FACE('',(#396),#2744,.T.);
#2914=ADVANCED_FACE('',(#397),#2745,.T.);
#2915=ADVANCED_FACE('',(#398),#2746,.T.);
#2916=ADVANCED_FACE('',(#399),#2747,.T.);
#2917=ADVANCED_FACE('',(#400),#2748,.T.);
#2918=ADVANCED_FACE('',(#401),#2749,.T.);
#2919=ADVANCED_FACE('',(#402),#2750,.T.);
#2920=ADVANCED_FACE('',(#403),#2751,.T.);
#2921=ADVANCED_FACE('',(#404),#2752,.T.);
#2922=ADVANCED_FACE('',(#405,#126),#2753,.T.);
#2923=ADVANCED_FACE('',(#406),#2754,.F.);
#2924=ADVANCED_FACE('',(#407),#11,.T.);
#2925=ADVANCED_FACE('',(#408),#2755,.T.);
#2926=ADVANCED_FACE('',(#409),#2756,.F.);
#2927=ADVANCED_FACE('',(#410),#2757,.T.);
#2928=ADVANCED_FACE('',(#411),#2758,.T.);
#2929=ADVANCED_FACE('',(#412),#2759,.T.);
#2930=ADVANCED_FACE('',(#413),#2760,.T.);
#2931=ADVANCED_FACE('',(#414),#2761,.T.);
#2932=ADVANCED_FACE('',(#415),#2762,.T.);
#2933=ADVANCED_FACE('',(#416),#2763,.T.);
#2934=ADVANCED_FACE('',(#417),#2764,.T.);
#2935=ADVANCED_FACE('',(#418),#2765,.T.);
#2936=ADVANCED_FACE('',(#419),#2766,.T.);
#2937=ADVANCED_FACE('',(#420),#2767,.T.);
#2938=ADVANCED_FACE('',(#421),#2768,.T.);
#2939=ADVANCED_FACE('',(#422),#2769,.T.);
#2940=ADVANCED_FACE('',(#423),#2770,.T.);
#2941=ADVANCED_FACE('',(#424),#2771,.T.);
#2942=ADVANCED_FACE('',(#425),#2772,.T.);
#2943=ADVANCED_FACE('',(#426),#2773,.T.);
#2944=ADVANCED_FACE('',(#427),#2774,.T.);
#2945=ADVANCED_FACE('',(#428),#2775,.T.);
#2946=ADVANCED_FACE('',(#429),#2776,.T.);
#2947=ADVANCED_FACE('',(#430),#2777,.T.);
#2948=ADVANCED_FACE('',(#431),#2778,.T.);
#2949=ADVANCED_FACE('',(#432),#2779,.T.);
#2950=ADVANCED_FACE('',(#433),#2780,.T.);
#2951=ADVANCED_FACE('',(#434),#2781,.T.);
#2952=ADVANCED_FACE('',(#435),#2782,.T.);
#2953=ADVANCED_FACE('',(#436),#2783,.T.);
#2954=ADVANCED_FACE('',(#437),#2784,.T.);
#2955=ADVANCED_FACE('',(#438),#2785,.T.);
#2956=ADVANCED_FACE('',(#439),#2786,.T.);
#2957=ADVANCED_FACE('',(#440),#2787,.T.);
#2958=ADVANCED_FACE('',(#441),#2788,.T.);
#2959=ADVANCED_FACE('',(#442),#2789,.T.);
#2960=ADVANCED_FACE('',(#443),#2790,.T.);
#2961=ADVANCED_FACE('',(#444),#2791,.T.);
#2962=ADVANCED_FACE('',(#445),#2792,.T.);
#2963=CLOSED_SHELL('',(#2793,#2794,#2795,#2796,#2797,#2798));
#2964=CLOSED_SHELL('',(#2799,#2800,#2801,#2802,#2803,#2804,#2805,#2806,
#2807,#2808,#2809,#2810,#2811,#2812,#2813,#2814,#2815,#2816,#2817,#2818,
#2819,#2820,#2821,#2822,#2823,#2824,#2825,#2826,#2827,#2828,#2829,#2830,
#2831,#2832,#2833,#2834));
#2965=CLOSED_SHELL('',(#2835,#2836,#2837,#2838,#2839,#2840));
#2966=CLOSED_SHELL('',(#2841,#2842,#2843,#2844,#2845,#2846,#2847,#2848,
#2849,#2850,#2851,#2852,#2853,#2854,#2855,#2856,#2857));
#2967=CLOSED_SHELL('',(#2858,#2859,#2860,#2861,#2862,#2863,#2864,#2865,
#2866,#2867,#2868,#2869,#2870,#2871,#2872,#2873,#2874));
#2968=CLOSED_SHELL('',(#2875,#2876,#2877,#2878,#2879,#2880));
#2969=CLOSED_SHELL('',(#2881,#2882,#2883,#2884,#2885,#2886,#2887,#2888,
#2889,#2890,#2891,#2892,#2893,#2894,#2895,#2896,#2897,#2898,#2899,#2900,
#2901,#2902,#2903,#2904,#2905,#2906,#2907,#2908,#2909,#2910,#2911,#2912));
#2970=CLOSED_SHELL('',(#2913,#2914,#2915,#2916,#2917,#2918,#2919,#2920,
#2921,#2922,#2923));
#2971=CLOSED_SHELL('',(#2924,#2925,#2926));
#2972=CLOSED_SHELL('',(#2927,#2928,#2929,#2930,#2931,#2932,#2933,#2934,
#2935));
#2973=CLOSED_SHELL('',(#2936,#2937,#2938,#2939,#2940,#2941,#2942,#2943,
#2944));
#2974=CLOSED_SHELL('',(#2945,#2946,#2947,#2948,#2949,#2950,#2951,#2952,
#2953));
#2975=CLOSED_SHELL('',(#2954,#2955,#2956,#2957,#2958,#2959,#2960,#2961,
#2962));
#2976=DERIVED_UNIT_ELEMENT(#2996,1.);
#2977=DERIVED_UNIT_ELEMENT(#5416,-3.);
#2978=DERIVED_UNIT_ELEMENT(#2996,1.);
#2979=DERIVED_UNIT_ELEMENT(#5416,-3.);
#2980=DERIVED_UNIT_ELEMENT(#2996,1.);
#2981=DERIVED_UNIT_ELEMENT(#5416,-3.);
#2982=DERIVED_UNIT_ELEMENT(#2996,1.);
#2983=DERIVED_UNIT_ELEMENT(#5416,-3.);
#2984=DERIVED_UNIT_ELEMENT(#2996,1.);
#2985=DERIVED_UNIT_ELEMENT(#5416,-3.);
#2986=DERIVED_UNIT_ELEMENT(#2996,1.);
#2987=DERIVED_UNIT_ELEMENT(#5416,-3.);
#2988=DERIVED_UNIT_ELEMENT(#2996,1.);
#2989=DERIVED_UNIT_ELEMENT(#5416,-3.);
#2990=DERIVED_UNIT_ELEMENT(#2996,1.);
#2991=DERIVED_UNIT_ELEMENT(#5416,-3.);
#2992=DERIVED_UNIT_ELEMENT(#2996,1.);
#2993=DERIVED_UNIT_ELEMENT(#5416,-3.);
#2994=DERIVED_UNIT_ELEMENT(#2996,1.);
#2995=DERIVED_UNIT_ELEMENT(#5416,-3.);
#2996=(
MASS_UNIT()
NAMED_UNIT(*)
SI_UNIT(.KILO.,.GRAM.)
);
#2997=DERIVED_UNIT((#2976,#2977));
#2998=DERIVED_UNIT((#2978,#2979));
#2999=DERIVED_UNIT((#2980,#2981));
#3000=DERIVED_UNIT((#2982,#2983));
#3001=DERIVED_UNIT((#2984,#2985));
#3002=DERIVED_UNIT((#2986,#2987));
#3003=DERIVED_UNIT((#2988,#2989));
#3004=DERIVED_UNIT((#2990,#2991));
#3005=DERIVED_UNIT((#2992,#2993));
#3006=DERIVED_UNIT((#2994,#2995));
#3007=MEASURE_REPRESENTATION_ITEM('density measure',
POSITIVE_RATIO_MEASURE(7850.),#2997);
#3008=MEASURE_REPRESENTATION_ITEM('density measure',
POSITIVE_RATIO_MEASURE(7850.),#2998);
#3009=MEASURE_REPRESENTATION_ITEM('density measure',
POSITIVE_RATIO_MEASURE(7850.),#2999);
#3010=MEASURE_REPRESENTATION_ITEM('density measure',
POSITIVE_RATIO_MEASURE(7850.),#3000);
#3011=MEASURE_REPRESENTATION_ITEM('density measure',
POSITIVE_RATIO_MEASURE(7850.),#3001);
#3012=MEASURE_REPRESENTATION_ITEM('density measure',
POSITIVE_RATIO_MEASURE(7850.),#3002);
#3013=MEASURE_REPRESENTATION_ITEM('density measure',
POSITIVE_RATIO_MEASURE(7850.),#3003);
#3014=MEASURE_REPRESENTATION_ITEM('density measure',
POSITIVE_RATIO_MEASURE(7850.),#3004);
#3015=MEASURE_REPRESENTATION_ITEM('density measure',
POSITIVE_RATIO_MEASURE(7850.),#3005);
#3016=MEASURE_REPRESENTATION_ITEM('density measure',
POSITIVE_RATIO_MEASURE(7850.),#3006);
#3017=PROPERTY_DEFINITION_REPRESENTATION(#3067,#3037);
#3018=PROPERTY_DEFINITION_REPRESENTATION(#3068,#3038);
#3019=PROPERTY_DEFINITION_REPRESENTATION(#3069,#3039);
#3020=PROPERTY_DEFINITION_REPRESENTATION(#3070,#3040);
#3021=PROPERTY_DEFINITION_REPRESENTATION(#3071,#3041);
#3022=PROPERTY_DEFINITION_REPRESENTATION(#3072,#3042);
#3023=PROPERTY_DEFINITION_REPRESENTATION(#3073,#3043);
#3024=PROPERTY_DEFINITION_REPRESENTATION(#3074,#3044);
#3025=PROPERTY_DEFINITION_REPRESENTATION(#3075,#3045);
#3026=PROPERTY_DEFINITION_REPRESENTATION(#3076,#3046);
#3027=PROPERTY_DEFINITION_REPRESENTATION(#3077,#3047);
#3028=PROPERTY_DEFINITION_REPRESENTATION(#3078,#3048);
#3029=PROPERTY_DEFINITION_REPRESENTATION(#3079,#3049);
#3030=PROPERTY_DEFINITION_REPRESENTATION(#3080,#3050);
#3031=PROPERTY_DEFINITION_REPRESENTATION(#3081,#3051);
#3032=PROPERTY_DEFINITION_REPRESENTATION(#3082,#3052);
#3033=PROPERTY_DEFINITION_REPRESENTATION(#3083,#3053);
#3034=PROPERTY_DEFINITION_REPRESENTATION(#3084,#3054);
#3035=PROPERTY_DEFINITION_REPRESENTATION(#3085,#3055);
#3036=PROPERTY_DEFINITION_REPRESENTATION(#3086,#3056);
#3037=REPRESENTATION('material name',(#3057),#5402);
#3038=REPRESENTATION('density',(#3007),#5402);
#3039=REPRESENTATION('material name',(#3058),#5403);
#3040=REPRESENTATION('density',(#3008),#5403);
#3041=REPRESENTATION('material name',(#3059),#5405);
#3042=REPRESENTATION('density',(#3009),#5405);
#3043=REPRESENTATION('material name',(#3060),#5406);
#3044=REPRESENTATION('density',(#3010),#5406);
#3045=REPRESENTATION('material name',(#3061),#5407);
#3046=REPRESENTATION('density',(#3011),#5407);
#3047=REPRESENTATION('material name',(#3062),#5409);
#3048=REPRESENTATION('density',(#3012),#5409);
#3049=REPRESENTATION('material name',(#3063),#5410);
#3050=REPRESENTATION('density',(#3013),#5410);
#3051=REPRESENTATION('material name',(#3064),#5411);
#3052=REPRESENTATION('density',(#3014),#5411);
#3053=REPRESENTATION('material name',(#3065),#5412);
#3054=REPRESENTATION('density',(#3015),#5412);
#3055=REPRESENTATION('material name',(#3066),#5413);
#3056=REPRESENTATION('density',(#3016),#5413);
#3057=DESCRIPTIVE_REPRESENTATION_ITEM('Stahl','Stahl');
#3058=DESCRIPTIVE_REPRESENTATION_ITEM('Stahl','Stahl');
#3059=DESCRIPTIVE_REPRESENTATION_ITEM('Stahl','Stahl');
#3060=DESCRIPTIVE_REPRESENTATION_ITEM('Stahl','Stahl');
#3061=DESCRIPTIVE_REPRESENTATION_ITEM('Stahl','Stahl');
#3062=DESCRIPTIVE_REPRESENTATION_ITEM('Stahl','Stahl');
#3063=DESCRIPTIVE_REPRESENTATION_ITEM('Stahl','Stahl');
#3064=DESCRIPTIVE_REPRESENTATION_ITEM('Stahl','Stahl');
#3065=DESCRIPTIVE_REPRESENTATION_ITEM('Stahl','Stahl');
#3066=DESCRIPTIVE_REPRESENTATION_ITEM('Stahl','Stahl');
#3067=PROPERTY_DEFINITION('material property','material name',#5472);
#3068=PROPERTY_DEFINITION('material property','density of part',#5472);
#3069=PROPERTY_DEFINITION('material property','material name',#5473);
#3070=PROPERTY_DEFINITION('material property','density of part',#5473);
#3071=PROPERTY_DEFINITION('material property','material name',#5475);
#3072=PROPERTY_DEFINITION('material property','density of part',#5475);
#3073=PROPERTY_DEFINITION('material property','material name',#5476);
#3074=PROPERTY_DEFINITION('material property','density of part',#5476);
#3075=PROPERTY_DEFINITION('material property','material name',#5477);
#3076=PROPERTY_DEFINITION('material property','density of part',#5477);
#3077=PROPERTY_DEFINITION('material property','material name',#5479);
#3078=PROPERTY_DEFINITION('material property','density of part',#5479);
#3079=PROPERTY_DEFINITION('material property','material name',#5480);
#3080=PROPERTY_DEFINITION('material property','density of part',#5480);
#3081=PROPERTY_DEFINITION('material property','material name',#5481);
#3082=PROPERTY_DEFINITION('material property','density of part',#5481);
#3083=PROPERTY_DEFINITION('material property','material name',#5482);
#3084=PROPERTY_DEFINITION('material property','density of part',#5482);
#3085=PROPERTY_DEFINITION('material property','material name',#5483);
#3086=PROPERTY_DEFINITION('material property','density of part',#5483);
#3087=AXIS2_PLACEMENT_3D('',#4192,#3356,#3357);
#3088=AXIS2_PLACEMENT_3D('',#4193,#3358,#3359);
#3089=AXIS2_PLACEMENT_3D('',#4194,#3360,#3361);
#3090=AXIS2_PLACEMENT_3D('',#4203,#3366,#3367);
#3091=AXIS2_PLACEMENT_3D('',#4209,#3371,#3372);
#3092=AXIS2_PLACEMENT_3D('',#4215,#3376,#3377);
#3093=AXIS2_PLACEMENT_3D('',#4218,#3380,#3381);
#3094=AXIS2_PLACEMENT_3D('',#4219,#3382,#3383);
#3095=AXIS2_PLACEMENT_3D('',#4220,#3384,#3385);
#3096=AXIS2_PLACEMENT_3D('',#4221,#3386,#3387);
#3097=AXIS2_PLACEMENT_3D('',#4230,#3392,#3393);
#3098=AXIS2_PLACEMENT_3D('',#4232,#3394,#3395);
#3099=AXIS2_PLACEMENT_3D('',#4235,#3397,#3398);
#3100=AXIS2_PLACEMENT_3D('',#4236,#3399,#3400);
#3101=AXIS2_PLACEMENT_3D('',#4242,#3404,#3405);
#3102=AXIS2_PLACEMENT_3D('',#4243,#3406,#3407);
#3103=AXIS2_PLACEMENT_3D('',#4244,#3408,#3409);
#3104=AXIS2_PLACEMENT_3D('',#4245,#3410,#3411);
#3105=AXIS2_PLACEMENT_3D('',#4254,#3416,#3417);
#3106=AXIS2_PLACEMENT_3D('',#4256,#3418,#3419);
#3107=AXIS2_PLACEMENT_3D('',#4259,#3421,#3422);
#3108=AXIS2_PLACEMENT_3D('',#4260,#3423,#3424);
#3109=AXIS2_PLACEMENT_3D('',#4266,#3428,#3429);
#3110=AXIS2_PLACEMENT_3D('',#4267,#3430,#3431);
#3111=AXIS2_PLACEMENT_3D('',#4268,#3432,#3433);
#3112=AXIS2_PLACEMENT_3D('',#4269,#3434,#3435);
#3113=AXIS2_PLACEMENT_3D('',#4274,#3437,#3438);
#3114=AXIS2_PLACEMENT_3D('',#4277,#3440,#3441);
#3115=AXIS2_PLACEMENT_3D('',#4278,#3442,#3443);
#3116=AXIS2_PLACEMENT_3D('',#4282,#3445,#3446);
#3117=AXIS2_PLACEMENT_3D('',#4284,#3448,#3449);
#3118=AXIS2_PLACEMENT_3D('',#4288,#3451,#3452);
#3119=AXIS2_PLACEMENT_3D('',#4290,#3454,#3455);
#3120=AXIS2_PLACEMENT_3D('',#4293,#3458,#3459);
#3121=AXIS2_PLACEMENT_3D('',#4299,#3463,#3464);
#3122=AXIS2_PLACEMENT_3D('',#4303,#3467,#3468);
#3123=AXIS2_PLACEMENT_3D('',#4312,#3473,#3474);
#3124=AXIS2_PLACEMENT_3D('',#4314,#3475,#3476);
#3125=AXIS2_PLACEMENT_3D('',#4317,#3478,#3479);
#3126=AXIS2_PLACEMENT_3D('',#4318,#3480,#3481);
#3127=AXIS2_PLACEMENT_3D('',#4320,#3482,#3483);
#3128=AXIS2_PLACEMENT_3D('',#4322,#3485,#3486);
#3129=AXIS2_PLACEMENT_3D('',#4324,#3487,#3488);
#3130=AXIS2_PLACEMENT_3D('',#4326,#3490,#3491);
#3131=AXIS2_PLACEMENT_3D('',#4328,#3493,#3494);
#3132=AXIS2_PLACEMENT_3D('',#4334,#3498,#3499);
#3133=AXIS2_PLACEMENT_3D('',#4338,#3502,#3503);
#3134=AXIS2_PLACEMENT_3D('',#4347,#3508,#3509);
#3135=AXIS2_PLACEMENT_3D('',#4353,#3513,#3514);
#3136=AXIS2_PLACEMENT_3D('',#4359,#3518,#3519);
#3137=AXIS2_PLACEMENT_3D('',#4362,#3522,#3523);
#3138=AXIS2_PLACEMENT_3D('',#4371,#3528,#3529);
#3139=AXIS2_PLACEMENT_3D('',#4377,#3533,#3534);
#3140=AXIS2_PLACEMENT_3D('',#4381,#3537,#3538);
#3141=AXIS2_PLACEMENT_3D('',#4385,#3541,#3542);
#3142=AXIS2_PLACEMENT_3D('',#4387,#3544,#3545);
#3143=AXIS2_PLACEMENT_3D('',#4391,#3548,#3549);
#3144=AXIS2_PLACEMENT_3D('',#4393,#3551,#3552);
#3145=AXIS2_PLACEMENT_3D('',#4397,#3555,#3556);
#3146=AXIS2_PLACEMENT_3D('',#4398,#3557,#3558);
#3147=AXIS2_PLACEMENT_3D('',#4400,#3560,#3561);
#3148=AXIS2_PLACEMENT_3D('',#4401,#3562,#3563);
#3149=AXIS2_PLACEMENT_3D('',#4402,#3564,#3565);
#3150=AXIS2_PLACEMENT_3D('',#4403,#3566,#3567);
#3151=AXIS2_PLACEMENT_3D('',#4412,#3572,#3573);
#3152=AXIS2_PLACEMENT_3D('',#4418,#3577,#3578);
#3153=AXIS2_PLACEMENT_3D('',#4422,#3581,#3582);
#3154=AXIS2_PLACEMENT_3D('',#4426,#3585,#3586);
#3155=AXIS2_PLACEMENT_3D('',#4428,#3588,#3589);
#3156=AXIS2_PLACEMENT_3D('',#4429,#3590,#3591);
#3157=AXIS2_PLACEMENT_3D('',#4430,#3592,#3593);
#3158=AXIS2_PLACEMENT_3D('',#4432,#3594,#3595);
#3159=AXIS2_PLACEMENT_3D('',#4435,#3597,#3598);
#3160=AXIS2_PLACEMENT_3D('',#4436,#3599,#3600);
#3161=AXIS2_PLACEMENT_3D('',#4446,#3605,#3606);
#3162=AXIS2_PLACEMENT_3D('',#4447,#3607,#3608);
#3163=AXIS2_PLACEMENT_3D('',#4450,#3610,#3611);
#3164=AXIS2_PLACEMENT_3D('',#4451,#3612,#3613);
#3165=AXIS2_PLACEMENT_3D('',#4454,#3615,#3616);
#3166=AXIS2_PLACEMENT_3D('',#4455,#3617,#3618);
#3167=AXIS2_PLACEMENT_3D('',#4458,#3620,#3621);
#3168=AXIS2_PLACEMENT_3D('',#4459,#3622,#3623);
#3169=AXIS2_PLACEMENT_3D('',#4461,#3624,#3625);
#3170=AXIS2_PLACEMENT_3D('',#4464,#3627,#3628);
#3171=AXIS2_PLACEMENT_3D('',#4465,#3629,#3630);
#3172=AXIS2_PLACEMENT_3D('',#4475,#3635,#3636);
#3173=AXIS2_PLACEMENT_3D('',#4476,#3637,#3638);
#3174=AXIS2_PLACEMENT_3D('',#4479,#3640,#3641);
#3175=AXIS2_PLACEMENT_3D('',#4480,#3642,#3643);
#3176=AXIS2_PLACEMENT_3D('',#4483,#3645,#3646);
#3177=AXIS2_PLACEMENT_3D('',#4484,#3647,#3648);
#3178=AXIS2_PLACEMENT_3D('',#4487,#3650,#3651);
#3179=AXIS2_PLACEMENT_3D('',#4488,#3652,#3653);
#3180=AXIS2_PLACEMENT_3D('',#4497,#3658,#3659);
#3181=AXIS2_PLACEMENT_3D('',#4503,#3663,#3664);
#3182=AXIS2_PLACEMENT_3D('',#4506,#3667,#3668);
#3183=AXIS2_PLACEMENT_3D('',#4509,#3671,#3672);
#3184=AXIS2_PLACEMENT_3D('',#4512,#3675,#3676);
#3185=AXIS2_PLACEMENT_3D('',#4513,#3677,#3678);
#3186=AXIS2_PLACEMENT_3D('',#4514,#3679,#3680);
#3187=AXIS2_PLACEMENT_3D('',#4516,#3681,#3682);
#3188=AXIS2_PLACEMENT_3D('',#4519,#3684,#3685);
#3189=AXIS2_PLACEMENT_3D('',#4520,#3686,#3687);
#3190=AXIS2_PLACEMENT_3D('',#4530,#3692,#3693);
#3191=AXIS2_PLACEMENT_3D('',#4531,#3694,#3695);
#3192=AXIS2_PLACEMENT_3D('',#4534,#3697,#3698);
#3193=AXIS2_PLACEMENT_3D('',#4535,#3699,#3700);
#3194=AXIS2_PLACEMENT_3D('',#4538,#3702,#3703);
#3195=AXIS2_PLACEMENT_3D('',#4539,#3704,#3705);
#3196=AXIS2_PLACEMENT_3D('',#4542,#3707,#3708);
#3197=AXIS2_PLACEMENT_3D('',#4543,#3709,#3710);
#3198=AXIS2_PLACEMENT_3D('',#4545,#3711,#3712);
#3199=AXIS2_PLACEMENT_3D('',#4548,#3714,#3715);
#3200=AXIS2_PLACEMENT_3D('',#4549,#3716,#3717);
#3201=AXIS2_PLACEMENT_3D('',#4559,#3722,#3723);
#3202=AXIS2_PLACEMENT_3D('',#4560,#3724,#3725);
#3203=AXIS2_PLACEMENT_3D('',#4563,#3727,#3728);
#3204=AXIS2_PLACEMENT_3D('',#4564,#3729,#3730);
#3205=AXIS2_PLACEMENT_3D('',#4567,#3732,#3733);
#3206=AXIS2_PLACEMENT_3D('',#4568,#3734,#3735);
#3207=AXIS2_PLACEMENT_3D('',#4571,#3737,#3738);
#3208=AXIS2_PLACEMENT_3D('',#4572,#3739,#3740);
#3209=AXIS2_PLACEMENT_3D('',#4575,#3743,#3744);
#3210=AXIS2_PLACEMENT_3D('',#4581,#3748,#3749);
#3211=AXIS2_PLACEMENT_3D('',#4587,#3753,#3754);
#3212=AXIS2_PLACEMENT_3D('',#4593,#3758,#3759);
#3213=AXIS2_PLACEMENT_3D('',#4596,#3762,#3763);
#3214=AXIS2_PLACEMENT_3D('',#4597,#3764,#3765);
#3215=AXIS2_PLACEMENT_3D('',#4598,#3766,#3767);
#3216=AXIS2_PLACEMENT_3D('',#4599,#3768,#3769);
#3217=AXIS2_PLACEMENT_3D('',#4600,#3770,#3771);
#3218=AXIS2_PLACEMENT_3D('',#4601,#3772,#3773);
#3219=AXIS2_PLACEMENT_3D('',#4610,#3778,#3779);
#3220=AXIS2_PLACEMENT_3D('',#4616,#3783,#3784);
#3221=AXIS2_PLACEMENT_3D('',#4622,#3788,#3789);
#3222=AXIS2_PLACEMENT_3D('',#4625,#3792,#3793);
#3223=AXIS2_PLACEMENT_3D('',#4626,#3794,#3795);
#3224=AXIS2_PLACEMENT_3D('',#4627,#3796,#3797);
#3225=AXIS2_PLACEMENT_3D('',#4628,#3798,#3799);
#3226=AXIS2_PLACEMENT_3D('',#4629,#3800,#3801);
#3227=AXIS2_PLACEMENT_3D('',#4631,#3802,#3803);
#3228=AXIS2_PLACEMENT_3D('',#4633,#3804,#3805);
#3229=AXIS2_PLACEMENT_3D('',#4635,#3806,#3807);
#3230=AXIS2_PLACEMENT_3D('',#4673,#3808,#3809);
#3231=AXIS2_PLACEMENT_3D('',#4674,#3810,#3811);
#3232=AXIS2_PLACEMENT_3D('',#4676,#3812,#3813);
#3233=AXIS2_PLACEMENT_3D('',#4678,#3814,#3815);
#3234=AXIS2_PLACEMENT_3D('',#4680,#3816,#3817);
#3235=AXIS2_PLACEMENT_3D('',#4719,#3818,#3819);
#3236=AXIS2_PLACEMENT_3D('',#4720,#3820,#3821);
#3237=AXIS2_PLACEMENT_3D('',#4722,#3822,#3823);
#3238=AXIS2_PLACEMENT_3D('',#4724,#3824,#3825);
#3239=AXIS2_PLACEMENT_3D('',#4737,#3826,#3827);
#3240=AXIS2_PLACEMENT_3D('',#4766,#3828,#3829);
#3241=AXIS2_PLACEMENT_3D('',#4768,#3830,#3831);
#3242=AXIS2_PLACEMENT_3D('',#4770,#3832,#3833);
#3243=AXIS2_PLACEMENT_3D('',#4804,#3834,#3835);
#3244=AXIS2_PLACEMENT_3D('',#4815,#3836,#3837);
#3245=AXIS2_PLACEMENT_3D('',#4817,#3838,#3839);
#3246=AXIS2_PLACEMENT_3D('',#4820,#3841,#3842);
#3247=AXIS2_PLACEMENT_3D('',#4821,#3843,#3844);
#3248=AXIS2_PLACEMENT_3D('',#4822,#3845,#3846);
#3249=AXIS2_PLACEMENT_3D('',#4823,#3847,#3848);
#3250=AXIS2_PLACEMENT_3D('',#4825,#3849,#3850);
#3251=AXIS2_PLACEMENT_3D('',#4828,#3852,#3853);
#3252=AXIS2_PLACEMENT_3D('',#4829,#3854,#3855);
#3253=AXIS2_PLACEMENT_3D('',#4830,#3856,#3857);
#3254=AXIS2_PLACEMENT_3D('',#4836,#3862,#3863);
#3255=AXIS2_PLACEMENT_3D('',#4838,#3864,#3865);
#3256=AXIS2_PLACEMENT_3D('',#4839,#3866,#3867);
#3257=AXIS2_PLACEMENT_3D('',#4841,#3868,#3869);
#3258=AXIS2_PLACEMENT_3D('',#4844,#3871,#3872);
#3259=AXIS2_PLACEMENT_3D('',#4845,#3873,#3874);
#3260=AXIS2_PLACEMENT_3D('',#4846,#3875,#3876);
#3261=AXIS2_PLACEMENT_3D('',#4847,#3877,#3878);
#3262=AXIS2_PLACEMENT_3D('',#4849,#3879,#3880);
#3263=AXIS2_PLACEMENT_3D('',#4852,#3882,#3883);
#3264=AXIS2_PLACEMENT_3D('',#4853,#3884,#3885);
#3265=AXIS2_PLACEMENT_3D('',#4854,#3886,#3887);
#3266=AXIS2_PLACEMENT_3D('',#4855,#3888,#3889);
#3267=AXIS2_PLACEMENT_3D('',#4857,#3890,#3891);
#3268=AXIS2_PLACEMENT_3D('',#4860,#3893,#3894);
#3269=AXIS2_PLACEMENT_3D('',#4861,#3895,#3896);
#3270=AXIS2_PLACEMENT_3D('',#4863,#3897,#3898);
#3271=AXIS2_PLACEMENT_3D('',#4864,#3899,#3900);
#3272=AXIS2_PLACEMENT_3D('',#4866,#3901,#3902);
#3273=AXIS2_PLACEMENT_3D('',#4869,#3904,#3905);
#3274=AXIS2_PLACEMENT_3D('',#4870,#3906,#3907);
#3275=AXIS2_PLACEMENT_3D('',#4872,#3908,#3909);
#3276=AXIS2_PLACEMENT_3D('',#4873,#3910,#3911);
#3277=AXIS2_PLACEMENT_3D('',#4875,#3913,#3914);
#3278=AXIS2_PLACEMENT_3D('',#4876,#3915,#3916);
#3279=AXIS2_PLACEMENT_3D('',#4878,#3918,#3919);
#3280=AXIS2_PLACEMENT_3D('',#4884,#3923,#3924);
#3281=AXIS2_PLACEMENT_3D('',#4886,#3925,#3926);
#3282=AXIS2_PLACEMENT_3D('',#4888,#3928,#3929);
#3283=AXIS2_PLACEMENT_3D('',#4892,#3932,#3933);
#3284=AXIS2_PLACEMENT_3D('',#4894,#3934,#3935);
#3285=AXIS2_PLACEMENT_3D('',#4896,#3937,#3938);
#3286=AXIS2_PLACEMENT_3D('',#4900,#3941,#3942);
#3287=AXIS2_PLACEMENT_3D('',#4902,#3943,#3944);
#3288=AXIS2_PLACEMENT_3D('',#4904,#3946,#3947);
#3289=AXIS2_PLACEMENT_3D('',#4908,#3950,#3951);
#3290=AXIS2_PLACEMENT_3D('',#4909,#3952,#3953);
#3291=AXIS2_PLACEMENT_3D('',#4910,#3954,#3955);
#3292=AXIS2_PLACEMENT_3D('',#4911,#3956,#3957);
#3293=AXIS2_PLACEMENT_3D('',#4912,#3958,#3959);
#3294=AXIS2_PLACEMENT_3D('',#4913,#3960,#3961);
#3295=AXIS2_PLACEMENT_3D('',#4922,#3966,#3967);
#3296=AXIS2_PLACEMENT_3D('',#4928,#3971,#3972);
#3297=AXIS2_PLACEMENT_3D('',#4934,#3976,#3977);
#3298=AXIS2_PLACEMENT_3D('',#4937,#3980,#3981);
#3299=AXIS2_PLACEMENT_3D('',#4938,#3982,#3983);
#3300=AXIS2_PLACEMENT_3D('',#4947,#3988,#3989);
#3301=AXIS2_PLACEMENT_3D('',#4953,#3993,#3994);
#3302=AXIS2_PLACEMENT_3D('',#4959,#3998,#3999);
#3303=AXIS2_PLACEMENT_3D('',#4962,#4002,#4003);
#3304=AXIS2_PLACEMENT_3D('',#4963,#4004,#4005);
#3305=AXIS2_PLACEMENT_3D('',#4964,#4006,#4007);
#3306=AXIS2_PLACEMENT_3D('',#5177,#4008,#4009);
#3307=AXIS2_PLACEMENT_3D('',#5198,#4010,#4011);
#3308=AXIS2_PLACEMENT_3D('',#5199,#4012,#4013);
#3309=AXIS2_PLACEMENT_3D('',#5200,#4014,#4015);
#3310=AXIS2_PLACEMENT_3D('',#5201,#4016,#4017);
#3311=AXIS2_PLACEMENT_3D('',#5210,#4022,#4023);
#3312=AXIS2_PLACEMENT_3D('',#5216,#4027,#4028);
#3313=AXIS2_PLACEMENT_3D('',#5222,#4032,#4033);
#3314=AXIS2_PLACEMENT_3D('',#5228,#4037,#4038);
#3315=AXIS2_PLACEMENT_3D('',#5234,#4042,#4043);
#3316=AXIS2_PLACEMENT_3D('',#5240,#4047,#4048);
#3317=AXIS2_PLACEMENT_3D('',#5243,#4051,#4052);
#3318=AXIS2_PLACEMENT_3D('',#5244,#4053,#4054);
#3319=AXIS2_PLACEMENT_3D('',#5245,#4055,#4056);
#3320=AXIS2_PLACEMENT_3D('',#5254,#4061,#4062);
#3321=AXIS2_PLACEMENT_3D('',#5260,#4066,#4067);
#3322=AXIS2_PLACEMENT_3D('',#5266,#4071,#4072);
#3323=AXIS2_PLACEMENT_3D('',#5272,#4076,#4077);
#3324=AXIS2_PLACEMENT_3D('',#5278,#4081,#4082);
#3325=AXIS2_PLACEMENT_3D('',#5284,#4086,#4087);
#3326=AXIS2_PLACEMENT_3D('',#5287,#4090,#4091);
#3327=AXIS2_PLACEMENT_3D('',#5288,#4092,#4093);
#3328=AXIS2_PLACEMENT_3D('',#5289,#4094,#4095);
#3329=AXIS2_PLACEMENT_3D('',#5290,#4096,#4097);
#3330=AXIS2_PLACEMENT_3D('',#5299,#4102,#4103);
#3331=AXIS2_PLACEMENT_3D('',#5305,#4107,#4108);
#3332=AXIS2_PLACEMENT_3D('',#5311,#4112,#4113);
#3333=AXIS2_PLACEMENT_3D('',#5317,#4117,#4118);
#3334=AXIS2_PLACEMENT_3D('',#5323,#4122,#4123);
#3335=AXIS2_PLACEMENT_3D('',#5329,#4127,#4128);
#3336=AXIS2_PLACEMENT_3D('',#5332,#4131,#4132);
#3337=AXIS2_PLACEMENT_3D('',#5333,#4133,#4134);
#3338=AXIS2_PLACEMENT_3D('',#5334,#4135,#4136);
#3339=AXIS2_PLACEMENT_3D('',#5343,#4141,#4142);
#3340=AXIS2_PLACEMENT_3D('',#5349,#4146,#4147);
#3341=AXIS2_PLACEMENT_3D('',#5355,#4151,#4152);
#3342=AXIS2_PLACEMENT_3D('',#5361,#4156,#4157);
#3343=AXIS2_PLACEMENT_3D('',#5367,#4161,#4162);
#3344=AXIS2_PLACEMENT_3D('',#5373,#4166,#4167);
#3345=AXIS2_PLACEMENT_3D('',#5376,#4170,#4171);
#3346=AXIS2_PLACEMENT_3D('',#5377,#4172,#4173);
#3347=AXIS2_PLACEMENT_3D('',#5378,#4174,#4175);
#3348=AXIS2_PLACEMENT_3D('',#5379,#4176,#4177);
#3349=AXIS2_PLACEMENT_3D('',#5380,#4178,#4179);
#3350=AXIS2_PLACEMENT_3D('',#5381,#4180,#4181);
#3351=AXIS2_PLACEMENT_3D('',#5382,#4182,#4183);
#3352=AXIS2_PLACEMENT_3D('',#5383,#4184,#4185);
#3353=AXIS2_PLACEMENT_3D('',#5384,#4186,#4187);
#3354=AXIS2_PLACEMENT_3D('',#5385,#4188,#4189);
#3355=AXIS2_PLACEMENT_3D('',#5386,#4190,#4191);
#3356=DIRECTION('axis',(0.,0.,1.));
#3357=DIRECTION('refdir',(1.,0.,0.));
#3358=DIRECTION('axis',(0.,0.,1.));
#3359=DIRECTION('refdir',(1.,0.,0.));
#3360=DIRECTION('center_axis',(0.,0.,-1.));
#3361=DIRECTION('ref_axis',(1.,0.,0.));
#3362=DIRECTION('',(-1.,0.,0.));
#3363=DIRECTION('',(0.,-1.,0.));
#3364=DIRECTION('',(1.,0.,0.));
#3365=DIRECTION('',(0.,-1.,0.));
#3366=DIRECTION('center_axis',(-1.,0.,0.));
#3367=DIRECTION('ref_axis',(0.,0.,-1.));
#3368=DIRECTION('',(0.,0.,1.));
#3369=DIRECTION('',(0.,0.,-1.));
#3370=DIRECTION('',(0.,-1.,0.));
#3371=DIRECTION('center_axis',(0.,0.,1.));
#3372=DIRECTION('ref_axis',(-1.,0.,0.));
#3373=DIRECTION('',(1.,0.,0.));
#3374=DIRECTION('',(-1.,0.,0.));
#3375=DIRECTION('',(0.,-1.,0.));
#3376=DIRECTION('center_axis',(1.,0.,0.));
#3377=DIRECTION('ref_axis',(0.,0.,1.));
#3378=DIRECTION('',(0.,0.,-1.));
#3379=DIRECTION('',(0.,0.,1.));
#3380=DIRECTION('center_axis',(0.,1.,0.));
#3381=DIRECTION('ref_axis',(1.,0.,0.));
#3382=DIRECTION('center_axis',(0.,-1.,0.));
#3383=DIRECTION('ref_axis',(0.,0.,-1.));
#3384=DIRECTION('axis',(0.,0.,1.));
#3385=DIRECTION('refdir',(1.,0.,0.));
#3386=DIRECTION('center_axis',(0.,-1.,0.));
#3387=DIRECTION('ref_axis',(1.,0.,0.));
#3388=DIRECTION('',(1.,0.,0.));
#3389=DIRECTION('',(0.,0.,1.));
#3390=DIRECTION('',(-1.,0.,0.));
#3391=DIRECTION('',(0.,0.,1.));
#3392=DIRECTION('center_axis',(0.,0.,1.));
#3393=DIRECTION('ref_axis',(0.,-1.,0.));
#3394=DIRECTION('center_axis',(0.,0.,1.));
#3395=DIRECTION('ref_axis',(0.,-1.,0.));
#3396=DIRECTION('',(0.,0.,1.));
#3397=DIRECTION('center_axis',(0.,0.,-1.));
#3398=DIRECTION('ref_axis',(0.,-1.,0.));
#3399=DIRECTION('center_axis',(0.,1.,0.));
#3400=DIRECTION('ref_axis',(-1.,0.,0.));
#3401=DIRECTION('',(-1.,0.,0.));
#3402=DIRECTION('',(0.,0.,1.));
#3403=DIRECTION('',(1.,0.,0.));
#3404=DIRECTION('center_axis',(0.,0.,1.));
#3405=DIRECTION('ref_axis',(0.,1.,0.));
#3406=DIRECTION('center_axis',(0.,0.,1.));
#3407=DIRECTION('ref_axis',(0.,1.,0.));
#3408=DIRECTION('center_axis',(0.,0.,-1.));
#3409=DIRECTION('ref_axis',(0.,1.,0.));
#3410=DIRECTION('center_axis',(0.,1.,0.));
#3411=DIRECTION('ref_axis',(-1.,0.,0.));
#3412=DIRECTION('',(-1.,0.,0.));
#3413=DIRECTION('',(0.,0.,1.));
#3414=DIRECTION('',(1.,0.,0.));
#3415=DIRECTION('',(0.,0.,1.));
#3416=DIRECTION('center_axis',(0.,0.,1.));
#3417=DIRECTION('ref_axis',(0.,1.,0.));
#3418=DIRECTION('center_axis',(0.,0.,1.));
#3419=DIRECTION('ref_axis',(0.,1.,0.));
#3420=DIRECTION('',(0.,0.,1.));
#3421=DIRECTION('center_axis',(0.,0.,-1.));
#3422=DIRECTION('ref_axis',(0.,1.,0.));
#3423=DIRECTION('center_axis',(0.,-1.,0.));
#3424=DIRECTION('ref_axis',(1.,0.,0.));
#3425=DIRECTION('',(1.,0.,0.));
#3426=DIRECTION('',(0.,0.,1.));
#3427=DIRECTION('',(-1.,0.,0.));
#3428=DIRECTION('center_axis',(0.,0.,1.));
#3429=DIRECTION('ref_axis',(0.,-1.,0.));
#3430=DIRECTION('center_axis',(0.,0.,1.));
#3431=DIRECTION('ref_axis',(0.,-1.,0.));
#3432=DIRECTION('center_axis',(0.,0.,-1.));
#3433=DIRECTION('ref_axis',(0.,-1.,0.));
#3434=DIRECTION('center_axis',(0.,0.,1.));
#3435=DIRECTION('ref_axis',(-0.707106781186548,0.707106781186548,0.));
#3436=DIRECTION('',(0.,0.,-1.));
#3437=DIRECTION('center_axis',(-0.707106781186548,-1.00485917355762E-14,
0.707106781186548));
#3438=DIRECTION('ref_axis',(-0.707106781186547,-1.00485917355762E-14,-0.707106781186547));
#3439=DIRECTION('',(0.,0.,1.));
#3440=DIRECTION('center_axis',(0.707106781186548,0.,0.707106781186548));
#3441=DIRECTION('ref_axis',(-0.707106781186547,0.,0.707106781186547));
#3442=DIRECTION('center_axis',(-1.,0.,0.));
#3443=DIRECTION('ref_axis',(0.,0.707106781186548,-0.707106781186548));
#3444=DIRECTION('',(1.,0.,0.));
#3445=DIRECTION('center_axis',(-0.707106781186548,0.,-0.707106781186548));
#3446=DIRECTION('ref_axis',(0.707106781186547,0.,-0.707106781186547));
#3447=DIRECTION('',(-1.,0.,0.));
#3448=DIRECTION('center_axis',(0.,0.,-1.));
#3449=DIRECTION('ref_axis',(0.707106781186548,0.707106781186548,0.));
#3450=DIRECTION('',(0.,0.,1.));
#3451=DIRECTION('center_axis',(0.707106781186548,-1.00485917355762E-14,
-0.707106781186548));
#3452=DIRECTION('ref_axis',(0.707106781186547,-1.00485917355762E-14,0.707106781186547));
#3453=DIRECTION('',(0.,0.,-1.));
#3454=DIRECTION('center_axis',(1.,0.,0.));
#3455=DIRECTION('ref_axis',(0.,0.707106781186548,0.707106781186548));
#3456=DIRECTION('',(1.,0.,0.));
#3457=DIRECTION('',(-1.,0.,0.));
#3458=DIRECTION('center_axis',(0.,0.,1.));
#3459=DIRECTION('ref_axis',(1.,0.,0.));
#3460=DIRECTION('',(0.,1.,0.));
#3461=DIRECTION('',(-1.,0.,0.));
#3462=DIRECTION('',(0.,-1.,0.));
#3463=DIRECTION('center_axis',(-1.,0.,0.));
#3464=DIRECTION('ref_axis',(0.,0.,1.));
#3465=DIRECTION('',(0.,1.,0.));
#3466=DIRECTION('',(0.,0.,-1.));
#3467=DIRECTION('center_axis',(0.,1.,0.));
#3468=DIRECTION('ref_axis',(0.,0.,1.));
#3469=DIRECTION('',(1.,0.,0.));
#3470=DIRECTION('',(0.,0.,1.));
#3471=DIRECTION('',(-1.,0.,0.));
#3472=DIRECTION('',(0.,0.,-1.));
#3473=DIRECTION('center_axis',(-1.,0.,0.));
#3474=DIRECTION('ref_axis',(0.,0.707106781186548,-0.707106781186548));
#3475=DIRECTION('center_axis',(-0.707106781186548,0.,0.707106781186548));
#3476=DIRECTION('ref_axis',(0.707106781186547,0.,0.707106781186547));
#3477=DIRECTION('',(-1.,0.,0.));
#3478=DIRECTION('center_axis',(-0.707106781186548,1.00485917355762E-14,
-0.707106781186548));
#3479=DIRECTION('ref_axis',(-0.707106781186547,1.00485917355762E-14,0.707106781186547));
#3480=DIRECTION('center_axis',(0.,0.,1.));
#3481=DIRECTION('ref_axis',(-0.707106781186548,0.707106781186548,0.));
#3482=DIRECTION('center_axis',(0.707106781186548,1.00485917355762E-14,0.707106781186548));
#3483=DIRECTION('ref_axis',(0.707106781186547,1.00485917355762E-14,-0.707106781186547));
#3484=DIRECTION('',(0.,0.,1.));
#3485=DIRECTION('center_axis',(1.,0.,0.));
#3486=DIRECTION('ref_axis',(0.,0.707106781186548,0.707106781186548));
#3487=DIRECTION('center_axis',(0.707106781186548,0.,-0.707106781186548));
#3488=DIRECTION('ref_axis',(-0.707106781186547,0.,-0.707106781186547));
#3489=DIRECTION('',(1.,0.,0.));
#3490=DIRECTION('center_axis',(0.,0.,-1.));
#3491=DIRECTION('ref_axis',(0.707106781186548,0.707106781186548,0.));
#3492=DIRECTION('',(0.,0.,-1.));
#3493=DIRECTION('center_axis',(1.,0.,0.));
#3494=DIRECTION('ref_axis',(0.,0.,-1.));
#3495=DIRECTION('',(0.,1.,0.));
#3496=DIRECTION('',(0.,0.,-1.));
#3497=DIRECTION('',(0.,1.,0.));
#3498=DIRECTION('center_axis',(0.,0.,-1.));
#3499=DIRECTION('ref_axis',(-1.,0.,0.));
#3500=DIRECTION('',(0.,1.,0.));
#3501=DIRECTION('',(-1.,0.,0.));
#3502=DIRECTION('center_axis',(-1.,0.,0.));
#3503=DIRECTION('ref_axis',(0.,0.,-1.));
#3504=DIRECTION('',(0.,0.,1.));
#3505=DIRECTION('',(0.,-1.,0.));
#3506=DIRECTION('',(0.,0.,-1.));
#3507=DIRECTION('',(0.,-1.,0.));
#3508=DIRECTION('center_axis',(0.,0.,-1.));
#3509=DIRECTION('ref_axis',(1.,0.,0.));
#3510=DIRECTION('',(-1.,0.,0.));
#3511=DIRECTION('',(1.,0.,0.));
#3512=DIRECTION('',(0.,-1.,0.));
#3513=DIRECTION('center_axis',(1.,0.,0.));
#3514=DIRECTION('ref_axis',(0.,0.,1.));
#3515=DIRECTION('',(0.,0.,-1.));
#3516=DIRECTION('',(0.,0.,1.));
#3517=DIRECTION('',(0.,-1.,0.));
#3518=DIRECTION('center_axis',(0.,0.,1.));
#3519=DIRECTION('ref_axis',(-1.,0.,0.));
#3520=DIRECTION('',(1.,0.,0.));
#3521=DIRECTION('',(-1.,0.,0.));
#3522=DIRECTION('center_axis',(0.,1.,0.));
#3523=DIRECTION('ref_axis',(1.,0.,0.));
#3524=DIRECTION('',(0.,0.,-1.));
#3525=DIRECTION('',(-1.,0.,0.));
#3526=DIRECTION('',(0.,0.,1.));
#3527=DIRECTION('',(1.,0.,0.));
#3528=DIRECTION('center_axis',(0.,0.,-1.));
#3529=DIRECTION('ref_axis',(-1.,0.,0.));
#3530=DIRECTION('',(0.,-1.,0.));
#3531=DIRECTION('',(1.,0.,0.));
#3532=DIRECTION('',(0.,1.,0.));
#3533=DIRECTION('center_axis',(1.,0.,0.));
#3534=DIRECTION('ref_axis',(0.,0.,-1.));
#3535=DIRECTION('',(0.,1.,0.));
#3536=DIRECTION('',(0.,0.,1.));
#3537=DIRECTION('center_axis',(-1.,0.,0.));
#3538=DIRECTION('ref_axis',(0.,0.,1.));
#3539=DIRECTION('',(0.,1.,0.));
#3540=DIRECTION('',(0.,0.,1.));
#3541=DIRECTION('center_axis',(0.,0.,1.));
#3542=DIRECTION('ref_axis',(1.,0.,0.));
#3543=DIRECTION('',(1.,0.,0.));
#3544=DIRECTION('center_axis',(0.,1.,0.));
#3545=DIRECTION('ref_axis',(1.,0.,0.));
#3546=DIRECTION('',(-1.,0.,0.));
#3547=DIRECTION('',(0.,0.,-1.));
#3548=DIRECTION('center_axis',(0.,0.,1.));
#3549=DIRECTION('ref_axis',(1.,0.,0.));
#3550=DIRECTION('',(0.,1.,0.));
#3551=DIRECTION('center_axis',(0.,-1.,0.));
#3552=DIRECTION('ref_axis',(0.,0.,-1.));
#3553=DIRECTION('',(0.,0.,1.));
#3554=DIRECTION('',(1.,0.,0.));
#3555=DIRECTION('center_axis',(-1.,0.,0.));
#3556=DIRECTION('ref_axis',(0.,0.,1.));
#3557=DIRECTION('center_axis',(0.,0.,-1.));
#3558=DIRECTION('ref_axis',(-1.,0.,0.));
#3559=DIRECTION('',(0.,1.,0.));
#3560=DIRECTION('center_axis',(1.,0.,0.));
#3561=DIRECTION('ref_axis',(0.,0.,-1.));
#3562=DIRECTION('axis',(0.,0.,1.));
#3563=DIRECTION('refdir',(1.,0.,0.));
#3564=DIRECTION('axis',(0.,0.,1.));
#3565=DIRECTION('refdir',(1.,0.,0.));
#3566=DIRECTION('center_axis',(1.,0.,0.));
#3567=DIRECTION('ref_axis',(0.,0.,-1.));
#3568=DIRECTION('',(0.,0.,-1.));
#3569=DIRECTION('',(0.,-1.,0.));
#3570=DIRECTION('',(0.,0.,1.));
#3571=DIRECTION('',(0.,1.,0.));
#3572=DIRECTION('center_axis',(0.,1.,0.));
#3573=DIRECTION('ref_axis',(-1.,0.,0.));
#3574=DIRECTION('',(1.,0.,0.));
#3575=DIRECTION('',(0.,0.,1.));
#3576=DIRECTION('',(-1.,0.,0.));
#3577=DIRECTION('center_axis',(0.,0.,-1.));
#3578=DIRECTION('ref_axis',(-1.,0.,0.));
#3579=DIRECTION('',(-1.,0.,0.));
#3580=DIRECTION('',(0.,-1.,0.));
#3581=DIRECTION('center_axis',(-1.,0.,0.));
#3582=DIRECTION('ref_axis',(0.,0.,1.));
#3583=DIRECTION('',(0.,0.,-1.));
#3584=DIRECTION('',(0.,1.,0.));
#3585=DIRECTION('center_axis',(0.,1.,0.));
#3586=DIRECTION('ref_axis',(0.,0.,1.));
#3587=DIRECTION('',(1.,0.,0.));
#3588=DIRECTION('center_axis',(0.,0.,1.));
#3589=DIRECTION('ref_axis',(1.,0.,0.));
#3590=DIRECTION('axis',(0.,0.,1.));
#3591=DIRECTION('refdir',(1.,0.,0.));
#3592=DIRECTION('center_axis',(1.,0.,0.));
#3593=DIRECTION('ref_axis',(0.,1.,0.));
#3594=DIRECTION('center_axis',(1.,0.,0.));
#3595=DIRECTION('ref_axis',(0.,1.,0.));
#3596=DIRECTION('',(-0.707106781186546,0.707106781186549,8.65956056235495E-17));
#3597=DIRECTION('center_axis',(-1.,0.,0.));
#3598=DIRECTION('ref_axis',(0.,1.,0.));
#3599=DIRECTION('center_axis',(1.,0.,0.));
#3600=DIRECTION('ref_axis',(0.,-1.,0.));
#3601=DIRECTION('',(0.,-1.,0.));
#3602=DIRECTION('',(0.,0.,-1.));
#3603=DIRECTION('',(0.,-1.,0.));
#3604=DIRECTION('',(0.,0.,-1.));
#3605=DIRECTION('center_axis',(1.,0.,0.));
#3606=DIRECTION('ref_axis',(0.,1.,0.));
#3607=DIRECTION('center_axis',(-1.,0.,0.));
#3608=DIRECTION('ref_axis',(0.,1.,0.));
#3609=DIRECTION('',(-1.,0.,0.));
#3610=DIRECTION('center_axis',(1.,0.,0.));
#3611=DIRECTION('ref_axis',(0.,1.,0.));
#3612=DIRECTION('center_axis',(1.,0.,0.));
#3613=DIRECTION('ref_axis',(0.,1.,0.));
#3614=DIRECTION('',(-0.707106781186546,0.707106781186549,8.65956056235495E-17));
#3615=DIRECTION('center_axis',(-1.,0.,0.));
#3616=DIRECTION('ref_axis',(0.,1.,0.));
#3617=DIRECTION('center_axis',(-1.,0.,0.));
#3618=DIRECTION('ref_axis',(0.,1.,0.));
#3619=DIRECTION('',(-1.,0.,0.));
#3620=DIRECTION('center_axis',(1.,0.,0.));
#3621=DIRECTION('ref_axis',(0.,1.,0.));
#3622=DIRECTION('center_axis',(0.,1.,0.));
#3623=DIRECTION('ref_axis',(-1.,0.,0.));
#3624=DIRECTION('center_axis',(0.,1.,0.));
#3625=DIRECTION('ref_axis',(-1.,0.,0.));
#3626=DIRECTION('',(-0.707106781186546,-0.707106781186549,8.65956056235491E-17));
#3627=DIRECTION('center_axis',(0.,-1.,0.));
#3628=DIRECTION('ref_axis',(-1.,0.,0.));
#3629=DIRECTION('center_axis',(0.,1.,0.));
#3630=DIRECTION('ref_axis',(1.,0.,0.));
#3631=DIRECTION('',(1.,0.,0.));
#3632=DIRECTION('',(0.,0.,-1.));
#3633=DIRECTION('',(1.,0.,0.));
#3634=DIRECTION('',(0.,0.,-1.));
#3635=DIRECTION('center_axis',(0.,1.,0.));
#3636=DIRECTION('ref_axis',(-1.,0.,0.));
#3637=DIRECTION('center_axis',(0.,-1.,0.));
#3638=DIRECTION('ref_axis',(-1.,0.,0.));
#3639=DIRECTION('',(0.,-1.,0.));
#3640=DIRECTION('center_axis',(0.,1.,0.));
#3641=DIRECTION('ref_axis',(-1.,0.,0.));
#3642=DIRECTION('center_axis',(0.,1.,0.));
#3643=DIRECTION('ref_axis',(-1.,0.,0.));
#3644=DIRECTION('',(-0.707106781186546,-0.707106781186549,8.65956056235491E-17));
#3645=DIRECTION('center_axis',(0.,-1.,0.));
#3646=DIRECTION('ref_axis',(-1.,0.,0.));
#3647=DIRECTION('center_axis',(0.,-1.,0.));
#3648=DIRECTION('ref_axis',(-1.,0.,0.));
#3649=DIRECTION('',(0.,-1.,0.));
#3650=DIRECTION('center_axis',(0.,1.,0.));
#3651=DIRECTION('ref_axis',(-1.,0.,0.));
#3652=DIRECTION('center_axis',(-1.,0.,0.));
#3653=DIRECTION('ref_axis',(0.,1.,0.));
#3654=DIRECTION('',(0.,-1.,0.));
#3655=DIRECTION('',(0.,0.,-1.));
#3656=DIRECTION('',(0.,1.,0.));
#3657=DIRECTION('',(0.,0.,-1.));
#3658=DIRECTION('center_axis',(0.,-1.,0.));
#3659=DIRECTION('ref_axis',(-1.,0.,0.));
#3660=DIRECTION('',(1.,0.,0.));
#3661=DIRECTION('',(-1.,0.,0.));
#3662=DIRECTION('',(0.,0.,-1.));
#3663=DIRECTION('center_axis',(1.,0.,0.));
#3664=DIRECTION('ref_axis',(0.,-1.,0.));
#3665=DIRECTION('',(0.,1.,0.));
#3666=DIRECTION('',(0.,-1.,0.));
#3667=DIRECTION('center_axis',(0.707106781186547,0.707106781186548,0.));
#3668=DIRECTION('ref_axis',(0.707106781186548,-0.707106781186547,0.));
#3669=DIRECTION('',(0.707106781186548,-0.707106781186547,0.));
#3670=DIRECTION('',(0.707106781186548,-0.707106781186547,0.));
#3671=DIRECTION('center_axis',(0.,1.,0.));
#3672=DIRECTION('ref_axis',(1.,0.,0.));
#3673=DIRECTION('',(-1.,0.,0.));
#3674=DIRECTION('',(1.,0.,0.));
#3675=DIRECTION('center_axis',(0.,0.,1.));
#3676=DIRECTION('ref_axis',(-1.,0.,0.));
#3677=DIRECTION('center_axis',(0.,0.,-1.));
#3678=DIRECTION('ref_axis',(-1.,0.,0.));
#3679=DIRECTION('center_axis',(0.,1.,0.));
#3680=DIRECTION('ref_axis',(-1.,0.,0.));
#3681=DIRECTION('center_axis',(0.,1.,0.));
#3682=DIRECTION('ref_axis',(-1.,0.,0.));
#3683=DIRECTION('',(-0.707106781186546,-0.707106781186549,8.65956056235491E-17));
#3684=DIRECTION('center_axis',(0.,-1.,0.));
#3685=DIRECTION('ref_axis',(-1.,0.,0.));
#3686=DIRECTION('center_axis',(0.,1.,0.));
#3687=DIRECTION('ref_axis',(1.,0.,0.));
#3688=DIRECTION('',(-1.,0.,0.));
#3689=DIRECTION('',(0.,0.,-1.));
#3690=DIRECTION('',(1.,0.,0.));
#3691=DIRECTION('',(0.,0.,-1.));
#3692=DIRECTION('center_axis',(0.,1.,0.));
#3693=DIRECTION('ref_axis',(-1.,0.,0.));
#3694=DIRECTION('center_axis',(0.,-1.,0.));
#3695=DIRECTION('ref_axis',(-1.,0.,0.));
#3696=DIRECTION('',(0.,-1.,0.));
#3697=DIRECTION('center_axis',(0.,1.,0.));
#3698=DIRECTION('ref_axis',(-1.,0.,0.));
#3699=DIRECTION('center_axis',(0.,1.,0.));
#3700=DIRECTION('ref_axis',(-1.,0.,0.));
#3701=DIRECTION('',(-0.707106781186546,-0.707106781186549,8.65956056235491E-17));
#3702=DIRECTION('center_axis',(0.,-1.,0.));
#3703=DIRECTION('ref_axis',(-1.,0.,0.));
#3704=DIRECTION('center_axis',(0.,-1.,0.));
#3705=DIRECTION('ref_axis',(-1.,0.,0.));
#3706=DIRECTION('',(0.,-1.,0.));
#3707=DIRECTION('center_axis',(0.,1.,0.));
#3708=DIRECTION('ref_axis',(-1.,0.,0.));
#3709=DIRECTION('center_axis',(-1.,0.,0.));
#3710=DIRECTION('ref_axis',(0.,-1.,0.));
#3711=DIRECTION('center_axis',(-1.,0.,0.));
#3712=DIRECTION('ref_axis',(0.,-1.,0.));
#3713=DIRECTION('',(0.707106781186546,-0.707106781186549,8.65956056235495E-17));
#3714=DIRECTION('center_axis',(1.,0.,0.));
#3715=DIRECTION('ref_axis',(0.,-1.,0.));
#3716=DIRECTION('center_axis',(-1.,0.,0.));
#3717=DIRECTION('ref_axis',(0.,1.,0.));
#3718=DIRECTION('',(0.,-1.,0.));
#3719=DIRECTION('',(0.,0.,-1.));
#3720=DIRECTION('',(0.,1.,0.));
#3721=DIRECTION('',(0.,0.,-1.));
#3722=DIRECTION('center_axis',(-1.,0.,0.));
#3723=DIRECTION('ref_axis',(0.,-1.,0.));
#3724=DIRECTION('center_axis',(1.,0.,0.));
#3725=DIRECTION('ref_axis',(0.,-1.,0.));
#3726=DIRECTION('',(1.,0.,0.));
#3727=DIRECTION('center_axis',(-1.,0.,0.));
#3728=DIRECTION('ref_axis',(0.,-1.,0.));
#3729=DIRECTION('center_axis',(-1.,0.,0.));
#3730=DIRECTION('ref_axis',(0.,-1.,0.));
#3731=DIRECTION('',(0.707106781186546,-0.707106781186549,8.65956056235495E-17));
#3732=DIRECTION('center_axis',(1.,0.,0.));
#3733=DIRECTION('ref_axis',(0.,-1.,0.));
#3734=DIRECTION('center_axis',(1.,0.,0.));
#3735=DIRECTION('ref_axis',(0.,-1.,0.));
#3736=DIRECTION('',(1.,0.,0.));
#3737=DIRECTION('center_axis',(-1.,0.,0.));
#3738=DIRECTION('ref_axis',(0.,-1.,0.));
#3739=DIRECTION('center_axis',(-0.707106781186547,0.707106781186548,0.));
#3740=DIRECTION('ref_axis',(0.707106781186548,0.707106781186547,0.));
#3741=DIRECTION('',(-0.707106781186548,-0.707106781186547,0.));
#3742=DIRECTION('',(0.707106781186548,0.707106781186547,0.));
#3743=DIRECTION('center_axis',(-1.,0.,0.));
#3744=DIRECTION('ref_axis',(0.,1.,0.));
#3745=DIRECTION('',(0.,1.,0.));
#3746=DIRECTION('',(0.,1.,0.));
#3747=DIRECTION('',(0.,0.,-1.));
#3748=DIRECTION('center_axis',(0.,-1.,0.));
#3749=DIRECTION('ref_axis',(-1.,0.,0.));
#3750=DIRECTION('',(-1.,0.,0.));
#3751=DIRECTION('',(-1.,0.,0.));
#3752=DIRECTION('',(0.,0.,-1.));
#3753=DIRECTION('center_axis',(1.,0.,0.));
#3754=DIRECTION('ref_axis',(0.,-1.,0.));
#3755=DIRECTION('',(0.,-1.,0.));
#3756=DIRECTION('',(0.,-1.,0.));
#3757=DIRECTION('',(0.,0.,-1.));
#3758=DIRECTION('center_axis',(0.,1.,0.));
#3759=DIRECTION('ref_axis',(1.,0.,0.));
#3760=DIRECTION('',(1.,0.,0.));
#3761=DIRECTION('',(1.,0.,0.));
#3762=DIRECTION('center_axis',(0.,0.,1.));
#3763=DIRECTION('ref_axis',(-1.,0.,0.));
#3764=DIRECTION('center_axis',(0.,0.,-1.));
#3765=DIRECTION('ref_axis',(-1.,0.,0.));
#3766=DIRECTION('',(0.,0.,1.));
#3767=DIRECTION('',(1.,0.,0.));
#3768=DIRECTION('',(0.,0.,1.));
#3769=DIRECTION('',(1.,0.,0.));
#3770=DIRECTION('axis',(0.,0.,1.));
#3771=DIRECTION('refdir',(1.,0.,0.));
#3772=DIRECTION('center_axis',(-1.,0.,0.));
#3773=DIRECTION('ref_axis',(0.,-1.,0.));
#3774=DIRECTION('',(0.,1.,0.));
#3775=DIRECTION('',(0.,0.,1.));
#3776=DIRECTION('',(0.,-1.,0.));
#3777=DIRECTION('',(0.,0.,1.));
#3778=DIRECTION('center_axis',(0.,1.,0.));
#3779=DIRECTION('ref_axis',(-1.,0.,0.));
#3780=DIRECTION('',(1.,0.,0.));
#3781=DIRECTION('',(-1.,0.,0.));
#3782=DIRECTION('',(0.,0.,1.));
#3783=DIRECTION('center_axis',(1.,0.,0.));
#3784=DIRECTION('ref_axis',(0.,1.,0.));
#3785=DIRECTION('',(0.,-1.,0.));
#3786=DIRECTION('',(0.,1.,0.));
#3787=DIRECTION('',(0.,0.,1.));
#3788=DIRECTION('center_axis',(0.,-1.,0.));
#3789=DIRECTION('ref_axis',(1.,0.,0.));
#3790=DIRECTION('',(-1.,0.,0.));
#3791=DIRECTION('',(1.,0.,0.));
#3792=DIRECTION('center_axis',(0.,0.,1.));
#3793=DIRECTION('ref_axis',(1.,0.,0.));
#3794=DIRECTION('center_axis',(0.,0.,1.));
#3795=DIRECTION('ref_axis',(-1.,0.,0.));
#3796=DIRECTION('axis',(0.,0.,1.));
#3797=DIRECTION('refdir',(1.,0.,0.));
#3798=DIRECTION('axis',(0.,0.,1.));
#3799=DIRECTION('refdir',(1.,0.,0.));
#3800=DIRECTION('center_axis',(0.,-1.,0.));
#3801=DIRECTION('ref_axis',(0.,0.,-1.));
#3802=DIRECTION('center_axis',(0.,1.,0.));
#3803=DIRECTION('ref_axis',(-1.,0.,0.));
#3804=DIRECTION('center_axis',(-1.,0.,0.));
#3805=DIRECTION('ref_axis',(0.,0.,1.));
#3806=DIRECTION('center_axis',(0.,1.,0.));
#3807=DIRECTION('ref_axis',(-1.,0.,0.));
#3808=DIRECTION('center_axis',(0.,1.,0.));
#3809=DIRECTION('ref_axis',(-1.,0.,0.));
#3810=DIRECTION('center_axis',(0.,-1.,0.));
#3811=DIRECTION('ref_axis',(0.,0.,-1.));
#3812=DIRECTION('center_axis',(0.,1.,0.));
#3813=DIRECTION('ref_axis',(-1.,0.,0.));
#3814=DIRECTION('center_axis',(-1.,0.,0.));
#3815=DIRECTION('ref_axis',(0.,0.,1.));
#3816=DIRECTION('center_axis',(0.,1.,0.));
#3817=DIRECTION('ref_axis',(-1.,0.,0.));
#3818=DIRECTION('center_axis',(0.,1.,0.));
#3819=DIRECTION('ref_axis',(-1.,0.,0.));
#3820=DIRECTION('center_axis',(0.,-1.,0.));
#3821=DIRECTION('ref_axis',(0.,0.,-1.));
#3822=DIRECTION('center_axis',(0.,1.,0.));
#3823=DIRECTION('ref_axis',(-1.,0.,0.));
#3824=DIRECTION('center_axis',(-1.,0.,0.));
#3825=DIRECTION('ref_axis',(0.,0.,1.));
#3826=DIRECTION('center_axis',(0.,1.,0.));
#3827=DIRECTION('ref_axis',(-1.,0.,0.));
#3828=DIRECTION('center_axis',(0.,-1.,0.));
#3829=DIRECTION('ref_axis',(0.,0.,-1.));
#3830=DIRECTION('center_axis',(0.,1.,0.));
#3831=DIRECTION('ref_axis',(-1.,0.,0.));
#3832=DIRECTION('center_axis',(-1.,0.,0.));
#3833=DIRECTION('ref_axis',(0.,0.,1.));
#3834=DIRECTION('center_axis',(0.,1.,0.));
#3835=DIRECTION('ref_axis',(-1.,0.,0.));
#3836=DIRECTION('center_axis',(0.,1.,0.));
#3837=DIRECTION('ref_axis',(-1.,0.,0.));
#3838=DIRECTION('center_axis',(0.,-1.,0.));
#3839=DIRECTION('ref_axis',(-1.,0.,0.));
#3840=DIRECTION('',(0.,-1.,0.));
#3841=DIRECTION('center_axis',(0.,1.,0.));
#3842=DIRECTION('ref_axis',(-1.,0.,0.));
#3843=DIRECTION('center_axis',(0.,1.,0.));
#3844=DIRECTION('ref_axis',(-1.,0.,0.));
#3845=DIRECTION('center_axis',(0.,1.,0.));
#3846=DIRECTION('ref_axis',(-1.,0.,0.));
#3847=DIRECTION('center_axis',(0.,1.,0.));
#3848=DIRECTION('ref_axis',(-1.,0.,0.));
#3849=DIRECTION('center_axis',(0.,-1.,0.));
#3850=DIRECTION('ref_axis',(-1.,0.,0.));
#3851=DIRECTION('',(0.,-1.,0.));
#3852=DIRECTION('center_axis',(0.,1.,0.));
#3853=DIRECTION('ref_axis',(-1.,0.,0.));
#3854=DIRECTION('center_axis',(0.,1.,0.));
#3855=DIRECTION('ref_axis',(-1.,0.,0.));
#3856=DIRECTION('center_axis',(0.,1.,0.));
#3857=DIRECTION('ref_axis',(-1.,0.,0.));
#3858=DIRECTION('',(-1.77635680763652E-16,0.,1.));
#3859=DIRECTION('',(1.,0.,0.));
#3860=DIRECTION('',(0.,0.,-1.));
#3861=DIRECTION('',(-1.,0.,0.));
#3862=DIRECTION('center_axis',(0.,1.,0.));
#3863=DIRECTION('ref_axis',(-1.,0.,0.));
#3864=DIRECTION('center_axis',(0.,1.,0.));
#3865=DIRECTION('ref_axis',(-1.,0.,0.));
#3866=DIRECTION('center_axis',(0.,1.,0.));
#3867=DIRECTION('ref_axis',(-1.,0.,0.));
#3868=DIRECTION('center_axis',(0.,-1.,0.));
#3869=DIRECTION('ref_axis',(-1.,0.,0.));
#3870=DIRECTION('',(0.,-1.,0.));
#3871=DIRECTION('center_axis',(0.,1.,0.));
#3872=DIRECTION('ref_axis',(-1.,0.,0.));
#3873=DIRECTION('center_axis',(0.,1.,0.));
#3874=DIRECTION('ref_axis',(-1.,0.,0.));
#3875=DIRECTION('center_axis',(0.,1.,0.));
#3876=DIRECTION('ref_axis',(-1.,0.,0.));
#3877=DIRECTION('center_axis',(0.,1.,0.));
#3878=DIRECTION('ref_axis',(-1.,0.,0.));
#3879=DIRECTION('center_axis',(0.,-1.,0.));
#3880=DIRECTION('ref_axis',(-1.,0.,0.));
#3881=DIRECTION('',(0.,-1.,0.));
#3882=DIRECTION('center_axis',(0.,1.,0.));
#3883=DIRECTION('ref_axis',(-1.,0.,0.));
#3884=DIRECTION('center_axis',(0.,1.,0.));
#3885=DIRECTION('ref_axis',(-1.,0.,0.));
#3886=DIRECTION('center_axis',(0.,1.,0.));
#3887=DIRECTION('ref_axis',(-1.,0.,0.));
#3888=DIRECTION('center_axis',(0.,1.,0.));
#3889=DIRECTION('ref_axis',(-1.,0.,0.));
#3890=DIRECTION('center_axis',(0.,1.,0.));
#3891=DIRECTION('ref_axis',(-1.,0.,0.));
#3892=DIRECTION('',(-0.707106781186548,-0.707106781186548,8.65956056235493E-17));
#3893=DIRECTION('center_axis',(0.,-1.,0.));
#3894=DIRECTION('ref_axis',(-1.,0.,0.));
#3895=DIRECTION('center_axis',(0.,1.,0.));
#3896=DIRECTION('ref_axis',(-1.,0.,0.));
#3897=DIRECTION('center_axis',(0.,1.,0.));
#3898=DIRECTION('ref_axis',(-1.,0.,0.));
#3899=DIRECTION('center_axis',(0.,1.,0.));
#3900=DIRECTION('ref_axis',(-1.,0.,0.));
#3901=DIRECTION('center_axis',(0.,1.,0.));
#3902=DIRECTION('ref_axis',(-1.,0.,0.));
#3903=DIRECTION('',(-0.707106781186548,-0.707106781186548,8.65956056235493E-17));
#3904=DIRECTION('center_axis',(0.,-1.,0.));
#3905=DIRECTION('ref_axis',(-1.,0.,0.));
#3906=DIRECTION('center_axis',(0.,1.,0.));
#3907=DIRECTION('ref_axis',(-1.,0.,0.));
#3908=DIRECTION('center_axis',(0.,1.,0.));
#3909=DIRECTION('ref_axis',(-1.,0.,0.));
#3910=DIRECTION('center_axis',(0.,-1.,0.));
#3911=DIRECTION('ref_axis',(-1.,0.,0.));
#3912=DIRECTION('',(-0.707106781186548,0.707106781186548,-8.65956056235493E-17));
#3913=DIRECTION('center_axis',(0.,1.,0.));
#3914=DIRECTION('ref_axis',(-1.,0.,0.));
#3915=DIRECTION('center_axis',(0.,-1.,0.));
#3916=DIRECTION('ref_axis',(-1.,0.,0.));
#3917=DIRECTION('',(-0.707106781186547,0.707106781186548,-8.65956056235493E-17));
#3918=DIRECTION('center_axis',(1.,0.,0.));
#3919=DIRECTION('ref_axis',(0.,0.,-1.));
#3920=DIRECTION('',(0.,0.,-1.));
#3921=DIRECTION('',(0.,1.,0.));
#3922=DIRECTION('',(0.,1.,0.));
#3923=DIRECTION('center_axis',(0.,1.,0.));
#3924=DIRECTION('ref_axis',(0.,0.,1.));
#3925=DIRECTION('center_axis',(0.,1.,0.));
#3926=DIRECTION('ref_axis',(0.,0.,1.));
#3927=DIRECTION('',(0.,1.,0.));
#3928=DIRECTION('center_axis',(0.,0.,1.));
#3929=DIRECTION('ref_axis',(1.,0.,0.));
#3930=DIRECTION('',(1.,0.,0.));
#3931=DIRECTION('',(0.,1.,0.));
#3932=DIRECTION('center_axis',(0.,1.,0.));
#3933=DIRECTION('ref_axis',(-1.,0.,0.));
#3934=DIRECTION('center_axis',(0.,1.,0.));
#3935=DIRECTION('ref_axis',(-1.,0.,0.));
#3936=DIRECTION('',(0.,1.,0.));
#3937=DIRECTION('center_axis',(-1.,0.,-1.77635680763652E-16));
#3938=DIRECTION('ref_axis',(-1.77635680763652E-16,0.,1.));
#3939=DIRECTION('',(-1.77635680763652E-16,0.,1.));
#3940=DIRECTION('',(0.,1.,0.));
#3941=DIRECTION('center_axis',(0.,1.,0.));
#3942=DIRECTION('ref_axis',(0.,0.,-1.));
#3943=DIRECTION('center_axis',(0.,1.,0.));
#3944=DIRECTION('ref_axis',(0.,0.,-1.));
#3945=DIRECTION('',(0.,1.,0.));
#3946=DIRECTION('center_axis',(0.,0.,-1.));
#3947=DIRECTION('ref_axis',(-1.,0.,0.));
#3948=DIRECTION('',(-1.,0.,0.));
#3949=DIRECTION('',(0.,1.,0.));
#3950=DIRECTION('center_axis',(0.,1.,0.));
#3951=DIRECTION('ref_axis',(1.,0.,8.88178419700125E-16));
#3952=DIRECTION('center_axis',(0.,1.,0.));
#3953=DIRECTION('ref_axis',(1.,0.,8.88178419700125E-16));
#3954=DIRECTION('center_axis',(0.,1.,0.));
#3955=DIRECTION('ref_axis',(-1.,0.,0.));
#3956=DIRECTION('',(-1.,3.15544362088405E-30,5.55111512312579E-17));
#3957=DIRECTION('',(5.55111512312578E-17,7.00649232162408E-46,1.));
#3958=DIRECTION('axis',(0.,0.,1.));
#3959=DIRECTION('refdir',(1.,0.,0.));
#3960=DIRECTION('center_axis',(1.,0.,0.));
#3961=DIRECTION('ref_axis',(0.,0.,1.));
#3962=DIRECTION('',(0.,0.,-1.));
#3963=DIRECTION('',(0.,-1.,0.));
#3964=DIRECTION('',(0.,0.,1.));
#3965=DIRECTION('',(0.,-1.,0.));
#3966=DIRECTION('center_axis',(0.,0.,1.));
#3967=DIRECTION('ref_axis',(-1.,0.,0.));
#3968=DIRECTION('',(1.,0.,0.));
#3969=DIRECTION('',(0.,-1.,0.));
#3970=DIRECTION('',(-1.,0.,0.));
#3971=DIRECTION('center_axis',(0.,0.,-1.));
#3972=DIRECTION('ref_axis',(1.,0.,0.));
#3973=DIRECTION('',(-1.,0.,0.));
#3974=DIRECTION('',(1.,0.,0.));
#3975=DIRECTION('',(0.,-1.,0.));
#3976=DIRECTION('center_axis',(-1.,0.,0.));
#3977=DIRECTION('ref_axis',(0.,0.,-1.));
#3978=DIRECTION('',(0.,0.,1.));
#3979=DIRECTION('',(0.,0.,-1.));
#3980=DIRECTION('center_axis',(0.,-1.,0.));
#3981=DIRECTION('ref_axis',(0.,0.,-1.));
#3982=DIRECTION('center_axis',(-1.,0.,0.));
#3983=DIRECTION('ref_axis',(0.,0.,-1.));
#3984=DIRECTION('',(0.,0.,1.));
#3985=DIRECTION('',(0.,-1.,0.));
#3986=DIRECTION('',(0.,0.,-1.));
#3987=DIRECTION('',(0.,-1.,0.));
#3988=DIRECTION('center_axis',(0.,0.,1.));
#3989=DIRECTION('ref_axis',(-1.,0.,0.));
#3990=DIRECTION('',(1.,0.,0.));
#3991=DIRECTION('',(-1.,0.,0.));
#3992=DIRECTION('',(0.,-1.,0.));
#3993=DIRECTION('center_axis',(1.,0.,0.));
#3994=DIRECTION('ref_axis',(0.,0.,1.));
#3995=DIRECTION('',(0.,0.,-1.));
#3996=DIRECTION('',(0.,0.,1.));
#3997=DIRECTION('',(0.,-1.,0.));
#3998=DIRECTION('center_axis',(0.,0.,-1.));
#3999=DIRECTION('ref_axis',(1.,0.,0.));
#4000=DIRECTION('',(-1.,0.,0.));
#4001=DIRECTION('',(1.,0.,0.));
#4002=DIRECTION('center_axis',(0.,-1.,0.));
#4003=DIRECTION('ref_axis',(0.,0.,-1.));
#4004=DIRECTION('center_axis',(0.,-1.,0.));
#4005=DIRECTION('ref_axis',(1.,0.,0.));
#4006=DIRECTION('axis',(0.,0.,1.));
#4007=DIRECTION('refdir',(1.,0.,0.));
#4008=DIRECTION('center_axis',(0.,-1.,0.));
#4009=DIRECTION('ref_axis',(1.,0.,0.));
#4010=DIRECTION('center_axis',(0.,-1.,0.));
#4011=DIRECTION('ref_axis',(1.,0.,0.));
#4012=DIRECTION('center_axis',(0.,-1.,0.));
#4013=DIRECTION('ref_axis',(1.,0.,0.));
#4014=DIRECTION('axis',(0.,0.,1.));
#4015=DIRECTION('refdir',(1.,0.,0.));
#4016=DIRECTION('center_axis',(-0.707106781186547,0.,0.707106781186548));
#4017=DIRECTION('ref_axis',(0.707106781186548,0.,0.707106781186547));
#4018=DIRECTION('',(0.707106781186548,0.,0.707106781186547));
#4019=DIRECTION('',(0.,1.,0.));
#4020=DIRECTION('',(0.707106781186548,0.,0.707106781186547));
#4021=DIRECTION('',(0.,1.,0.));
#4022=DIRECTION('center_axis',(0.,0.,1.));
#4023=DIRECTION('ref_axis',(1.,0.,0.));
#4024=DIRECTION('',(-1.,0.,0.));
#4025=DIRECTION('',(1.,0.,0.));
#4026=DIRECTION('',(0.,1.,0.));
#4027=DIRECTION('center_axis',(-1.,0.,0.));
#4028=DIRECTION('ref_axis',(0.,0.,1.));
#4029=DIRECTION('',(0.,0.,1.));
#4030=DIRECTION('',(0.,0.,1.));
#4031=DIRECTION('',(0.,1.,0.));
#4032=DIRECTION('center_axis',(0.,0.,-1.));
#4033=DIRECTION('ref_axis',(-1.,0.,0.));
#4034=DIRECTION('',(-1.,0.,0.));
#4035=DIRECTION('',(-1.,0.,0.));
#4036=DIRECTION('',(0.,1.,0.));
#4037=DIRECTION('center_axis',(1.,0.,0.));
#4038=DIRECTION('ref_axis',(0.,0.,-1.));
#4039=DIRECTION('',(0.,0.,-1.));
#4040=DIRECTION('',(0.,0.,-1.));
#4041=DIRECTION('',(0.,1.,0.));
#4042=DIRECTION('center_axis',(0.,0.,1.));
#4043=DIRECTION('ref_axis',(1.,0.,0.));
#4044=DIRECTION('',(1.,0.,0.));
#4045=DIRECTION('',(1.,0.,0.));
#4046=DIRECTION('',(0.,1.,0.));
#4047=DIRECTION('center_axis',(-1.,0.,0.));
#4048=DIRECTION('ref_axis',(0.,0.,1.));
#4049=DIRECTION('',(0.,0.,-1.));
#4050=DIRECTION('',(0.,0.,1.));
#4051=DIRECTION('center_axis',(0.,-1.,0.));
#4052=DIRECTION('ref_axis',(1.,0.,0.));
#4053=DIRECTION('center_axis',(0.,1.,0.));
#4054=DIRECTION('ref_axis',(0.,0.,1.));
#4055=DIRECTION('center_axis',(-1.,0.,0.));
#4056=DIRECTION('ref_axis',(0.,0.,1.));
#4057=DIRECTION('',(0.,0.,-1.));
#4058=DIRECTION('',(0.,1.,0.));
#4059=DIRECTION('',(0.,0.,1.));
#4060=DIRECTION('',(0.,1.,0.));
#4061=DIRECTION('center_axis',(0.,0.,-1.));
#4062=DIRECTION('ref_axis',(-1.,0.,0.));
#4063=DIRECTION('',(1.,0.,0.));
#4064=DIRECTION('',(-1.,0.,0.));
#4065=DIRECTION('',(0.,1.,0.));
#4066=DIRECTION('center_axis',(1.,0.,0.));
#4067=DIRECTION('ref_axis',(0.,0.,-1.));
#4068=DIRECTION('',(0.,0.,1.));
#4069=DIRECTION('',(0.,0.,-1.));
#4070=DIRECTION('',(0.,1.,0.));
#4071=DIRECTION('center_axis',(0.,0.,1.));
#4072=DIRECTION('ref_axis',(1.,0.,0.));
#4073=DIRECTION('',(1.,0.,0.));
#4074=DIRECTION('',(1.,0.,0.));
#4075=DIRECTION('',(0.,1.,0.));
#4076=DIRECTION('center_axis',(0.707106781186547,0.,0.707106781186548));
#4077=DIRECTION('ref_axis',(0.707106781186548,0.,-0.707106781186547));
#4078=DIRECTION('',(-0.707106781186548,0.,0.707106781186547));
#4079=DIRECTION('',(0.707106781186548,0.,-0.707106781186547));
#4080=DIRECTION('',(0.,1.,0.));
#4081=DIRECTION('center_axis',(1.,0.,0.));
#4082=DIRECTION('ref_axis',(0.,0.,-1.));
#4083=DIRECTION('',(0.,0.,-1.));
#4084=DIRECTION('',(0.,0.,-1.));
#4085=DIRECTION('',(0.,1.,0.));
#4086=DIRECTION('center_axis',(0.,0.,1.));
#4087=DIRECTION('ref_axis',(1.,0.,0.));
#4088=DIRECTION('',(-1.,0.,0.));
#4089=DIRECTION('',(1.,0.,0.));
#4090=DIRECTION('center_axis',(0.,-1.,0.));
#4091=DIRECTION('ref_axis',(1.,0.,0.));
#4092=DIRECTION('center_axis',(0.,1.,0.));
#4093=DIRECTION('ref_axis',(0.,0.,1.));
#4094=DIRECTION('axis',(0.,0.,1.));
#4095=DIRECTION('refdir',(1.,0.,0.));
#4096=DIRECTION('center_axis',(0.707106781186547,0.,-0.707106781186548));
#4097=DIRECTION('ref_axis',(-0.707106781186548,0.,-0.707106781186547));
#4098=DIRECTION('',(0.707106781186548,0.,0.707106781186547));
#4099=DIRECTION('',(0.,1.,0.));
#4100=DIRECTION('',(-0.707106781186548,0.,-0.707106781186547));
#4101=DIRECTION('',(0.,1.,0.));
#4102=DIRECTION('center_axis',(0.,0.,-1.));
#4103=DIRECTION('ref_axis',(-1.,0.,0.));
#4104=DIRECTION('',(1.,0.,0.));
#4105=DIRECTION('',(-1.,0.,0.));
#4106=DIRECTION('',(0.,1.,0.));
#4107=DIRECTION('center_axis',(1.,0.,0.));
#4108=DIRECTION('ref_axis',(0.,0.,-1.));
#4109=DIRECTION('',(0.,0.,-1.));
#4110=DIRECTION('',(0.,0.,-1.));
#4111=DIRECTION('',(0.,1.,0.));
#4112=DIRECTION('center_axis',(0.,0.,1.));
#4113=DIRECTION('ref_axis',(1.,0.,0.));
#4114=DIRECTION('',(1.,0.,0.));
#4115=DIRECTION('',(1.,0.,0.));
#4116=DIRECTION('',(0.,1.,0.));
#4117=DIRECTION('center_axis',(-1.,0.,0.));
#4118=DIRECTION('ref_axis',(0.,0.,1.));
#4119=DIRECTION('',(0.,0.,1.));
#4120=DIRECTION('',(0.,0.,1.));
#4121=DIRECTION('',(0.,1.,0.));
#4122=DIRECTION('center_axis',(0.,0.,-1.));
#4123=DIRECTION('ref_axis',(-1.,0.,0.));
#4124=DIRECTION('',(-1.,0.,0.));
#4125=DIRECTION('',(-1.,0.,0.));
#4126=DIRECTION('',(0.,1.,0.));
#4127=DIRECTION('center_axis',(1.,0.,0.));
#4128=DIRECTION('ref_axis',(0.,0.,-1.));
#4129=DIRECTION('',(0.,0.,1.));
#4130=DIRECTION('',(0.,0.,-1.));
#4131=DIRECTION('center_axis',(0.,-1.,0.));
#4132=DIRECTION('ref_axis',(1.,0.,0.));
#4133=DIRECTION('center_axis',(0.,1.,0.));
#4134=DIRECTION('ref_axis',(0.,0.,1.));
#4135=DIRECTION('center_axis',(1.,0.,0.));
#4136=DIRECTION('ref_axis',(0.,0.,-1.));
#4137=DIRECTION('',(0.,0.,1.));
#4138=DIRECTION('',(0.,1.,0.));
#4139=DIRECTION('',(0.,0.,-1.));
#4140=DIRECTION('',(0.,1.,0.));
#4141=DIRECTION('center_axis',(0.,0.,1.));
#4142=DIRECTION('ref_axis',(1.,0.,0.));
#4143=DIRECTION('',(-1.,0.,0.));
#4144=DIRECTION('',(1.,0.,0.));
#4145=DIRECTION('',(0.,1.,0.));
#4146=DIRECTION('center_axis',(-1.,0.,0.));
#4147=DIRECTION('ref_axis',(0.,0.,1.));
#4148=DIRECTION('',(0.,0.,-1.));
#4149=DIRECTION('',(0.,0.,1.));
#4150=DIRECTION('',(0.,1.,0.));
#4151=DIRECTION('center_axis',(0.,0.,-1.));
#4152=DIRECTION('ref_axis',(-1.,0.,0.));
#4153=DIRECTION('',(-1.,0.,0.));
#4154=DIRECTION('',(-1.,0.,0.));
#4155=DIRECTION('',(0.,1.,0.));
#4156=DIRECTION('center_axis',(-0.707106781186547,0.,-0.707106781186548));
#4157=DIRECTION('ref_axis',(-0.707106781186548,0.,0.707106781186547));
#4158=DIRECTION('',(-0.707106781186548,0.,0.707106781186547));
#4159=DIRECTION('',(-0.707106781186548,0.,0.707106781186547));
#4160=DIRECTION('',(0.,1.,0.));
#4161=DIRECTION('center_axis',(-1.,0.,0.));
#4162=DIRECTION('ref_axis',(0.,0.,1.));
#4163=DIRECTION('',(0.,0.,1.));
#4164=DIRECTION('',(0.,0.,1.));
#4165=DIRECTION('',(0.,1.,0.));
#4166=DIRECTION('center_axis',(0.,0.,-1.));
#4167=DIRECTION('ref_axis',(-1.,0.,0.));
#4168=DIRECTION('',(1.,0.,0.));
#4169=DIRECTION('',(-1.,0.,0.));
#4170=DIRECTION('center_axis',(0.,-1.,0.));
#4171=DIRECTION('ref_axis',(1.,0.,0.));
#4172=DIRECTION('center_axis',(0.,1.,0.));
#4173=DIRECTION('ref_axis',(0.,0.,1.));
#4174=DIRECTION('',(0.,0.,1.));
#4175=DIRECTION('',(1.,0.,0.));
#4176=DIRECTION('',(0.,0.,1.));
#4177=DIRECTION('',(1.,0.,0.));
#4178=DIRECTION('',(0.,0.,1.));
#4179=DIRECTION('',(-1.,-5.41233724504763E-16,0.));
#4180=DIRECTION('',(0.,0.,1.));
#4181=DIRECTION('',(1.,0.,0.));
#4182=DIRECTION('',(-1.66533453693773E-16,1.84889274661174E-32,1.));
#4183=DIRECTION('',(-1.,-2.6326163471424E-14,-1.66533453693773E-16));
#4184=DIRECTION('',(0.,0.,1.));
#4185=DIRECTION('',(1.,0.,0.));
#4186=DIRECTION('',(0.,0.,1.));
#4187=DIRECTION('',(1.,0.,0.));
#4188=DIRECTION('',(0.,0.,1.));
#4189=DIRECTION('',(1.,0.,0.));
#4190=DIRECTION('',(0.,0.,1.));
#4191=DIRECTION('',(1.,0.,0.));
#4192=CARTESIAN_POINT('',(0.,0.,0.));
#4193=CARTESIAN_POINT('',(0.,0.,0.));
#4194=CARTESIAN_POINT('Origin',(-30.,0.,-80.));
#4195=CARTESIAN_POINT('',(30.,0.,-80.));
#4196=CARTESIAN_POINT('',(-30.,0.,-80.));
#4197=CARTESIAN_POINT('',(30.,0.,-80.));
#4198=CARTESIAN_POINT('',(30.,-0.5,-80.));
#4199=CARTESIAN_POINT('',(30.,0.,-80.));
#4200=CARTESIAN_POINT('',(-30.,-0.5,-80.));
#4201=CARTESIAN_POINT('',(30.,-0.5,-80.));
#4202=CARTESIAN_POINT('',(-30.,0.,-80.));
#4203=CARTESIAN_POINT('Origin',(-30.,0.,80.));
#4204=CARTESIAN_POINT('',(-30.,0.,80.));
#4205=CARTESIAN_POINT('',(-30.,0.,-80.));
#4206=CARTESIAN_POINT('',(-30.,-0.5,80.));
#4207=CARTESIAN_POINT('',(-30.,-0.5,-80.));
#4208=CARTESIAN_POINT('',(-30.,0.,80.));
#4209=CARTESIAN_POINT('Origin',(30.,0.,80.));
#4210=CARTESIAN_POINT('',(30.,0.,80.));
#4211=CARTESIAN_POINT('',(-30.,0.,80.));
#4212=CARTESIAN_POINT('',(30.,-0.5,80.));
#4213=CARTESIAN_POINT('',(-30.,-0.5,80.));
#4214=CARTESIAN_POINT('',(30.,0.,80.));
#4215=CARTESIAN_POINT('Origin',(30.,0.,-80.));
#4216=CARTESIAN_POINT('',(30.,0.,80.));
#4217=CARTESIAN_POINT('',(30.,-0.5,80.));
#4218=CARTESIAN_POINT('Origin',(0.,0.,0.));
#4219=CARTESIAN_POINT('Origin',(0.,-0.5,0.));
#4220=CARTESIAN_POINT('',(0.,0.,0.));
#4221=CARTESIAN_POINT('Origin',(-18.,-4.5,-81.6));
#4222=CARTESIAN_POINT('',(-18.,-4.5,-81.6));
#4223=CARTESIAN_POINT('',(-12.,-4.5,-81.6));
#4224=CARTESIAN_POINT('',(6.8,-4.5,-81.6));
#4225=CARTESIAN_POINT('',(-18.,-4.5,-79.7));
#4226=CARTESIAN_POINT('',(-18.,-4.5,-81.6));
#4227=CARTESIAN_POINT('',(-12.,-4.5,-79.7));
#4228=CARTESIAN_POINT('',(5.85,-4.5,-79.7));
#4229=CARTESIAN_POINT('',(-12.,-4.5,-81.6));
#4230=CARTESIAN_POINT('Origin',(-18.,-3.,-81.6));
#4231=CARTESIAN_POINT('',(-18.,-1.5,-81.6));
#4232=CARTESIAN_POINT('Origin',(-18.,-3.,-81.6));
#4233=CARTESIAN_POINT('',(-18.,-1.5,-79.7));
#4234=CARTESIAN_POINT('',(-18.,-1.5,-81.6));
#4235=CARTESIAN_POINT('Origin',(-18.,-3.,-79.7));
#4236=CARTESIAN_POINT('Origin',(-12.,-1.5,-81.6));
#4237=CARTESIAN_POINT('',(-12.,-1.5,-81.6));
#4238=CARTESIAN_POINT('',(9.8,-1.5,-81.6));
#4239=CARTESIAN_POINT('',(-12.,-1.5,-79.7));
#4240=CARTESIAN_POINT('',(-12.,-1.5,-81.6));
#4241=CARTESIAN_POINT('',(8.85,-1.5,-79.7));
#4242=CARTESIAN_POINT('Origin',(-12.,-3.,-81.6));
#4243=CARTESIAN_POINT('Origin',(-12.,-3.,-81.6));
#4244=CARTESIAN_POINT('Origin',(-12.,-3.,-79.7));
#4245=CARTESIAN_POINT('Origin',(18.,-1.5,-81.6));
#4246=CARTESIAN_POINT('',(18.,-1.5,-81.6));
#4247=CARTESIAN_POINT('',(12.,-1.5,-81.6));
#4248=CARTESIAN_POINT('',(24.8,-1.5,-81.6));
#4249=CARTESIAN_POINT('',(18.,-1.5,-79.7));
#4250=CARTESIAN_POINT('',(18.,-1.5,-81.6));
#4251=CARTESIAN_POINT('',(12.,-1.5,-79.7));
#4252=CARTESIAN_POINT('',(23.85,-1.5,-79.7));
#4253=CARTESIAN_POINT('',(12.,-1.5,-81.6));
#4254=CARTESIAN_POINT('Origin',(18.,-3.,-81.6));
#4255=CARTESIAN_POINT('',(18.,-4.5,-81.6));
#4256=CARTESIAN_POINT('Origin',(18.,-3.,-81.6));
#4257=CARTESIAN_POINT('',(18.,-4.5,-79.7));
#4258=CARTESIAN_POINT('',(18.,-4.5,-81.6));
#4259=CARTESIAN_POINT('Origin',(18.,-3.,-79.7));
#4260=CARTESIAN_POINT('Origin',(12.,-4.5,-81.6));
#4261=CARTESIAN_POINT('',(12.,-4.5,-81.6));
#4262=CARTESIAN_POINT('',(21.8,-4.5,-81.6));
#4263=CARTESIAN_POINT('',(12.,-4.5,-79.7));
#4264=CARTESIAN_POINT('',(12.,-4.5,-81.6));
#4265=CARTESIAN_POINT('',(20.85,-4.5,-79.7));
#4266=CARTESIAN_POINT('Origin',(12.,-3.,-81.6));
#4267=CARTESIAN_POINT('Origin',(12.,-3.,-81.6));
#4268=CARTESIAN_POINT('Origin',(12.,-3.,-79.7));
#4269=CARTESIAN_POINT('Origin',(-31.35,0.25,-40.8));
#4270=CARTESIAN_POINT('',(-31.35,0.5,81.35));
#4271=CARTESIAN_POINT('',(-31.35,0.5,-81.35));
#4272=CARTESIAN_POINT('',(-31.35,0.5,-40.8));
#4273=CARTESIAN_POINT('',(-31.6,0.25,-81.6));
#4274=CARTESIAN_POINT('Origin',(-31.35,0.25,-81.35));
#4275=CARTESIAN_POINT('',(-31.6,0.25,81.6));
#4276=CARTESIAN_POINT('',(-31.6,0.25,-40.8));
#4277=CARTESIAN_POINT('Origin',(-31.35,0.25,81.35));
#4278=CARTESIAN_POINT('Origin',(15.8,0.25,-81.35));
#4279=CARTESIAN_POINT('',(31.35,0.5,-81.35));
#4280=CARTESIAN_POINT('',(15.8,0.5,-81.35));
#4281=CARTESIAN_POINT('',(31.6,0.25,-81.6));
#4282=CARTESIAN_POINT('Origin',(31.35,0.25,-81.35));
#4283=CARTESIAN_POINT('',(15.8,0.25,-81.6));
#4284=CARTESIAN_POINT('Origin',(31.35,0.25,40.8));
#4285=CARTESIAN_POINT('',(31.35,0.5,81.35));
#4286=CARTESIAN_POINT('',(31.35,0.5,40.8));
#4287=CARTESIAN_POINT('',(31.6,0.25,81.6));
#4288=CARTESIAN_POINT('Origin',(31.35,0.25,81.35));
#4289=CARTESIAN_POINT('',(31.6,0.25,40.8));
#4290=CARTESIAN_POINT('Origin',(-15.8,0.25,81.35));
#4291=CARTESIAN_POINT('',(-15.8,0.25,81.6));
#4292=CARTESIAN_POINT('',(-15.8,0.5,81.35));
#4293=CARTESIAN_POINT('Origin',(-31.6,0.,81.6));
#4294=CARTESIAN_POINT('',(-31.6,-5.5,81.6));
#4295=CARTESIAN_POINT('',(-31.6,0.,81.6));
#4296=CARTESIAN_POINT('',(31.6,-5.5,81.6));
#4297=CARTESIAN_POINT('',(-31.6,-5.5,81.6));
#4298=CARTESIAN_POINT('',(31.6,0.,81.6));
#4299=CARTESIAN_POINT('Origin',(-31.6,0.,-81.6));
#4300=CARTESIAN_POINT('',(-31.6,-5.5,-81.6));
#4301=CARTESIAN_POINT('',(-31.6,0.,-81.6));
#4302=CARTESIAN_POINT('',(-31.6,-5.5,-81.6));
#4303=CARTESIAN_POINT('Origin',(0.,0.5,0.));
#4304=CARTESIAN_POINT('',(-29.95,0.5,79.95));
#4305=CARTESIAN_POINT('',(29.95,0.5,79.95));
#4306=CARTESIAN_POINT('',(14.85,0.5,79.95));
#4307=CARTESIAN_POINT('',(-29.95,0.5,-79.95));
#4308=CARTESIAN_POINT('',(-29.95,0.5,39.85));
#4309=CARTESIAN_POINT('',(29.95,0.5,-79.95));
#4310=CARTESIAN_POINT('',(-14.85,0.5,-79.95));
#4311=CARTESIAN_POINT('',(29.95,0.5,-39.85));
#4312=CARTESIAN_POINT('Origin',(14.85,0.25,79.95));
#4313=CARTESIAN_POINT('',(29.7,0.25,79.7));
#4314=CARTESIAN_POINT('Origin',(29.95,0.25,79.95));
#4315=CARTESIAN_POINT('',(-29.7,0.25,79.7));
#4316=CARTESIAN_POINT('',(14.85,0.25,79.7));
#4317=CARTESIAN_POINT('Origin',(-29.95,0.25,79.95));
#4318=CARTESIAN_POINT('Origin',(29.95,0.25,-39.85));
#4319=CARTESIAN_POINT('',(29.7,0.25,-79.7));
#4320=CARTESIAN_POINT('Origin',(29.95,0.25,-79.95));
#4321=CARTESIAN_POINT('',(29.7,0.25,-39.85));
#4322=CARTESIAN_POINT('Origin',(-14.85,0.25,-79.95));
#4323=CARTESIAN_POINT('',(-29.7,0.25,-79.7));
#4324=CARTESIAN_POINT('Origin',(-29.95,0.25,-79.95));
#4325=CARTESIAN_POINT('',(-14.85,0.25,-79.7));
#4326=CARTESIAN_POINT('Origin',(-29.95,0.25,39.85));
#4327=CARTESIAN_POINT('',(-29.7,0.25,39.85));
#4328=CARTESIAN_POINT('Origin',(-29.7,0.1,79.7));
#4329=CARTESIAN_POINT('',(-29.7,0.1,79.7));
#4330=CARTESIAN_POINT('',(-29.7,0.1,79.7));
#4331=CARTESIAN_POINT('',(-29.7,0.1,-79.7));
#4332=CARTESIAN_POINT('',(-29.7,0.1,79.7));
#4333=CARTESIAN_POINT('',(-29.7,0.1,-79.7));
#4334=CARTESIAN_POINT('Origin',(29.7,0.1,79.7));
#4335=CARTESIAN_POINT('',(29.7,0.1,79.7));
#4336=CARTESIAN_POINT('',(29.7,0.1,79.7));
#4337=CARTESIAN_POINT('',(29.7,0.1,79.7));
#4338=CARTESIAN_POINT('Origin',(29.7,-0.6,79.7));
#4339=CARTESIAN_POINT('',(29.7,-0.6,-79.7));
#4340=CARTESIAN_POINT('',(29.7,-0.6,79.7));
#4341=CARTESIAN_POINT('',(29.7,-0.6,-79.7));
#4342=CARTESIAN_POINT('',(29.7,-5.5,-79.7));
#4343=CARTESIAN_POINT('',(29.7,-0.6,-79.7));
#4344=CARTESIAN_POINT('',(29.7,-5.5,79.7));
#4345=CARTESIAN_POINT('',(29.7,-5.5,-79.7));
#4346=CARTESIAN_POINT('',(29.7,-0.6,79.7));
#4347=CARTESIAN_POINT('Origin',(-29.7,-0.6,79.7));
#4348=CARTESIAN_POINT('',(-29.7,-0.6,79.7));
#4349=CARTESIAN_POINT('',(29.7,-0.6,79.7));
#4350=CARTESIAN_POINT('',(-29.7,-5.5,79.7));
#4351=CARTESIAN_POINT('',(29.7,-5.5,79.7));
#4352=CARTESIAN_POINT('',(-29.7,-0.6,79.7));
#4353=CARTESIAN_POINT('Origin',(-29.7,-0.6,-79.7));
#4354=CARTESIAN_POINT('',(-29.7,-0.6,-79.7));
#4355=CARTESIAN_POINT('',(-29.7,-0.6,79.7));
#4356=CARTESIAN_POINT('',(-29.7,-5.5,-79.7));
#4357=CARTESIAN_POINT('',(-29.7,-5.5,79.7));
#4358=CARTESIAN_POINT('',(-29.7,-0.6,-79.7));
#4359=CARTESIAN_POINT('Origin',(29.7,-0.6,-79.7));
#4360=CARTESIAN_POINT('',(-29.7,-0.6,-79.7));
#4361=CARTESIAN_POINT('',(-29.7,-5.5,-79.7));
#4362=CARTESIAN_POINT('Origin',(0.,-0.6,0.));
#4363=CARTESIAN_POINT('',(-30.1,-0.6,80.1));
#4364=CARTESIAN_POINT('',(-30.1,-0.6,-80.1));
#4365=CARTESIAN_POINT('',(-30.1,-0.6,40.05));
#4366=CARTESIAN_POINT('',(30.1,-0.6,80.1));
#4367=CARTESIAN_POINT('',(15.05,-0.6,80.1));
#4368=CARTESIAN_POINT('',(30.1,-0.6,-80.1));
#4369=CARTESIAN_POINT('',(30.1,-0.6,-40.05));
#4370=CARTESIAN_POINT('',(-15.05,-0.6,-80.1));
#4371=CARTESIAN_POINT('Origin',(30.1,0.,80.1));
#4372=CARTESIAN_POINT('',(-30.1,0.1,80.1));
#4373=CARTESIAN_POINT('',(-30.1,0.,80.1));
#4374=CARTESIAN_POINT('',(30.1,0.1,80.1));
#4375=CARTESIAN_POINT('',(15.05,0.1,80.1));
#4376=CARTESIAN_POINT('',(30.1,0.,80.1));
#4377=CARTESIAN_POINT('Origin',(-30.1,0.,80.1));
#4378=CARTESIAN_POINT('',(-30.1,0.1,-80.1));
#4379=CARTESIAN_POINT('',(-30.1,0.,-80.1));
#4380=CARTESIAN_POINT('',(-30.1,0.1,40.05));
#4381=CARTESIAN_POINT('Origin',(29.7,0.1,-79.7));
#4382=CARTESIAN_POINT('',(29.7,0.1,-79.7));
#4383=CARTESIAN_POINT('',(29.7,0.1,-79.7));
#4384=CARTESIAN_POINT('',(29.7,0.1,-79.7));
#4385=CARTESIAN_POINT('Origin',(-29.7,0.1,-79.7));
#4386=CARTESIAN_POINT('',(-29.7,0.1,-79.7));
#4387=CARTESIAN_POINT('Origin',(0.,0.1,0.));
#4388=CARTESIAN_POINT('',(30.1,0.1,-80.1));
#4389=CARTESIAN_POINT('',(-15.05,0.1,-80.1));
#4390=CARTESIAN_POINT('',(30.1,0.1,-40.05));
#4391=CARTESIAN_POINT('Origin',(-30.1,0.,-80.1));
#4392=CARTESIAN_POINT('',(30.1,0.,-80.1));
#4393=CARTESIAN_POINT('Origin',(0.,-5.5,0.));
#4394=CARTESIAN_POINT('',(31.6,-5.5,-81.6));
#4395=CARTESIAN_POINT('',(31.6,-5.5,81.6));
#4396=CARTESIAN_POINT('',(31.6,-5.5,-81.6));
#4397=CARTESIAN_POINT('Origin',(30.1,0.,-80.1));
#4398=CARTESIAN_POINT('Origin',(31.6,0.,-81.6));
#4399=CARTESIAN_POINT('',(31.6,0.,-81.6));
#4400=CARTESIAN_POINT('Origin',(31.6,0.,81.6));
#4401=CARTESIAN_POINT('',(0.,0.,0.));
#4402=CARTESIAN_POINT('',(0.,0.,0.));
#4403=CARTESIAN_POINT('Origin',(-29.55,1.,-5.));
#4404=CARTESIAN_POINT('',(-29.55,1.,5.));
#4405=CARTESIAN_POINT('',(-29.55,1.,-5.));
#4406=CARTESIAN_POINT('',(-29.55,1.,-2.5));
#4407=CARTESIAN_POINT('',(-29.55,2.9,5.));
#4408=CARTESIAN_POINT('',(-29.55,1.,5.));
#4409=CARTESIAN_POINT('',(-29.55,2.9,-5.));
#4410=CARTESIAN_POINT('',(-29.55,2.9,-2.5));
#4411=CARTESIAN_POINT('',(-29.55,1.,-5.));
#4412=CARTESIAN_POINT('Origin',(0.,1.,0.));
#4413=CARTESIAN_POINT('',(29.55,1.,-5.));
#4414=CARTESIAN_POINT('',(-30.,1.,-5.));
#4415=CARTESIAN_POINT('',(29.55,1.,5.));
#4416=CARTESIAN_POINT('',(29.55,1.,2.5));
#4417=CARTESIAN_POINT('',(30.,1.,5.));
#4418=CARTESIAN_POINT('Origin',(30.,1.,-5.));
#4419=CARTESIAN_POINT('',(29.55,2.9,-5.));
#4420=CARTESIAN_POINT('',(-30.,2.9,-5.));
#4421=CARTESIAN_POINT('',(29.55,1.,-5.));
#4422=CARTESIAN_POINT('Origin',(29.55,1.,5.));
#4423=CARTESIAN_POINT('',(29.55,2.9,5.));
#4424=CARTESIAN_POINT('',(29.55,2.9,2.5));
#4425=CARTESIAN_POINT('',(29.55,1.,5.));
#4426=CARTESIAN_POINT('Origin',(0.,2.9,0.));
#4427=CARTESIAN_POINT('',(30.,2.9,5.));
#4428=CARTESIAN_POINT('Origin',(-30.,1.,5.));
#4429=CARTESIAN_POINT('',(0.,0.,0.));
#4430=CARTESIAN_POINT('Origin',(-29.25,5.29644660940673,-3.));
#4431=CARTESIAN_POINT('',(-29.15,4.89644660940673,-3.));
#4432=CARTESIAN_POINT('Origin',(-29.15,5.29644660940673,-3.));
#4433=CARTESIAN_POINT('',(-29.35,5.09644660940673,-3.));
#4434=CARTESIAN_POINT('',(-29.25,4.99644660940673,-3.));
#4435=CARTESIAN_POINT('Origin',(-29.35,5.29644660940673,-3.));
#4436=CARTESIAN_POINT('Origin',(-29.15,5.9,5.));
#4437=CARTESIAN_POINT('',(-29.15,5.9,5.));
#4438=CARTESIAN_POINT('',(-29.15,4.69289321881345,5.));
#4439=CARTESIAN_POINT('',(-29.15,5.4,5.));
#4440=CARTESIAN_POINT('',(-29.15,4.69289321881345,-5.));
#4441=CARTESIAN_POINT('',(-29.15,4.69289321881345,5.));
#4442=CARTESIAN_POINT('',(-29.15,5.9,-5.));
#4443=CARTESIAN_POINT('',(-29.15,5.4,-5.));
#4444=CARTESIAN_POINT('',(-29.15,5.9,5.));
#4445=CARTESIAN_POINT('',(-29.15,4.89644660940673,3.));
#4446=CARTESIAN_POINT('Origin',(-29.15,5.29644660940673,3.));
#4447=CARTESIAN_POINT('Origin',(-29.15,5.29644660940673,-3.));
#4448=CARTESIAN_POINT('',(-29.65,5.09644660940673,-3.));
#4449=CARTESIAN_POINT('',(-29.15,5.09644660940673,-3.));
#4450=CARTESIAN_POINT('Origin',(-29.65,5.29644660940673,-3.));
#4451=CARTESIAN_POINT('Origin',(-29.25,5.29644660940673,3.));
#4452=CARTESIAN_POINT('',(-29.35,5.09644660940673,3.));
#4453=CARTESIAN_POINT('',(-29.25,4.99644660940673,3.));
#4454=CARTESIAN_POINT('Origin',(-29.35,5.29644660940673,3.));
#4455=CARTESIAN_POINT('Origin',(-29.15,5.29644660940673,3.));
#4456=CARTESIAN_POINT('',(-29.65,5.09644660940673,3.));
#4457=CARTESIAN_POINT('',(-29.15,5.09644660940673,3.));
#4458=CARTESIAN_POINT('Origin',(-29.65,5.29644660940673,3.));
#4459=CARTESIAN_POINT('Origin',(-27.2535533905933,3.3,-3.));
#4460=CARTESIAN_POINT('',(-26.8535533905933,3.4,-3.));
#4461=CARTESIAN_POINT('Origin',(-27.2535533905933,3.4,-3.));
#4462=CARTESIAN_POINT('',(-27.0535533905933,3.2,-3.));
#4463=CARTESIAN_POINT('',(-26.9535533905933,3.3,-3.));
#4464=CARTESIAN_POINT('Origin',(-27.2535533905933,3.2,-3.));
#4465=CARTESIAN_POINT('Origin',(-27.8571067811865,3.4,5.));
#4466=CARTESIAN_POINT('',(-27.8571067811865,3.4,5.));
#4467=CARTESIAN_POINT('',(-26.65,3.4,5.));
#4468=CARTESIAN_POINT('',(-27.15,3.4,5.));
#4469=CARTESIAN_POINT('',(-26.65,3.4,-5.));
#4470=CARTESIAN_POINT('',(-26.65,3.4,5.));
#4471=CARTESIAN_POINT('',(-27.8571067811865,3.4,-5.));
#4472=CARTESIAN_POINT('',(-27.15,3.4,-5.));
#4473=CARTESIAN_POINT('',(-27.8571067811865,3.4,5.));
#4474=CARTESIAN_POINT('',(-26.8535533905933,3.4,3.));
#4475=CARTESIAN_POINT('Origin',(-27.2535533905933,3.4,3.));
#4476=CARTESIAN_POINT('Origin',(-27.2535533905933,3.4,-3.));
#4477=CARTESIAN_POINT('',(-27.0535533905933,2.9,-3.));
#4478=CARTESIAN_POINT('',(-27.0535533905933,3.4,-3.));
#4479=CARTESIAN_POINT('Origin',(-27.2535533905933,2.9,-3.));
#4480=CARTESIAN_POINT('Origin',(-27.2535533905933,3.3,3.));
#4481=CARTESIAN_POINT('',(-27.0535533905933,3.2,3.));
#4482=CARTESIAN_POINT('',(-26.9535533905933,3.3,3.));
#4483=CARTESIAN_POINT('Origin',(-27.2535533905933,3.2,3.));
#4484=CARTESIAN_POINT('Origin',(-27.2535533905933,3.4,3.));
#4485=CARTESIAN_POINT('',(-27.0535533905933,2.9,3.));
#4486=CARTESIAN_POINT('',(-27.0535533905933,3.4,3.));
#4487=CARTESIAN_POINT('Origin',(-27.2535533905933,2.9,3.));
#4488=CARTESIAN_POINT('Origin',(-29.65,2.9,5.));
#4489=CARTESIAN_POINT('',(-29.65,5.9,5.));
#4490=CARTESIAN_POINT('',(-29.65,2.9,5.));
#4491=CARTESIAN_POINT('',(-29.65,5.9,5.));
#4492=CARTESIAN_POINT('',(-29.65,5.9,-5.));
#4493=CARTESIAN_POINT('',(-29.65,5.9,5.));
#4494=CARTESIAN_POINT('',(-29.65,2.9,-5.));
#4495=CARTESIAN_POINT('',(-29.65,5.9,-5.));
#4496=CARTESIAN_POINT('',(-29.65,2.9,5.));
#4497=CARTESIAN_POINT('Origin',(-26.65,2.9,5.));
#4498=CARTESIAN_POINT('',(-26.65,2.9,5.));
#4499=CARTESIAN_POINT('',(-29.65,2.9,5.));
#4500=CARTESIAN_POINT('',(-26.65,2.9,-5.));
#4501=CARTESIAN_POINT('',(-29.65,2.9,-5.));
#4502=CARTESIAN_POINT('',(-26.65,2.9,5.));
#4503=CARTESIAN_POINT('Origin',(-26.65,3.4,5.));
#4504=CARTESIAN_POINT('',(-26.65,2.9,5.));
#4505=CARTESIAN_POINT('',(-26.65,2.9,-5.));
#4506=CARTESIAN_POINT('Origin',(-29.15,4.69289321881345,5.));
#4507=CARTESIAN_POINT('',(-29.15,4.69289321881345,5.));
#4508=CARTESIAN_POINT('',(-29.15,4.69289321881345,-5.));
#4509=CARTESIAN_POINT('Origin',(-29.65,5.9,5.));
#4510=CARTESIAN_POINT('',(-29.15,5.9,5.));
#4511=CARTESIAN_POINT('',(-29.15,5.9,-5.));
#4512=CARTESIAN_POINT('Origin',(-28.15,4.4,5.));
#4513=CARTESIAN_POINT('Origin',(-28.15,4.4,-5.));
#4514=CARTESIAN_POINT('Origin',(27.2535533905933,3.3,-3.));
#4515=CARTESIAN_POINT('',(27.6535533905933,3.4,-3.));
#4516=CARTESIAN_POINT('Origin',(27.2535533905933,3.4,-3.));
#4517=CARTESIAN_POINT('',(27.4535533905933,3.2,-3.));
#4518=CARTESIAN_POINT('',(27.5535533905933,3.3,-3.));
#4519=CARTESIAN_POINT('Origin',(27.2535533905933,3.2,-3.));
#4520=CARTESIAN_POINT('Origin',(26.65,3.4,5.));
#4521=CARTESIAN_POINT('',(27.8571067811865,3.4,5.));
#4522=CARTESIAN_POINT('',(26.65,3.4,5.));
#4523=CARTESIAN_POINT('',(27.8571067811865,3.4,5.));
#4524=CARTESIAN_POINT('',(27.8571067811865,3.4,-5.));
#4525=CARTESIAN_POINT('',(27.8571067811865,3.4,5.));
#4526=CARTESIAN_POINT('',(26.65,3.4,-5.));
#4527=CARTESIAN_POINT('',(27.8571067811865,3.4,-5.));
#4528=CARTESIAN_POINT('',(26.65,3.4,5.));
#4529=CARTESIAN_POINT('',(27.6535533905933,3.4,3.));
#4530=CARTESIAN_POINT('Origin',(27.2535533905933,3.4,3.));
#4531=CARTESIAN_POINT('Origin',(27.2535533905933,3.4,-3.));
#4532=CARTESIAN_POINT('',(27.4535533905933,2.9,-3.));
#4533=CARTESIAN_POINT('',(27.4535533905933,3.4,-3.));
#4534=CARTESIAN_POINT('Origin',(27.2535533905933,2.9,-3.));
#4535=CARTESIAN_POINT('Origin',(27.2535533905933,3.3,3.));
#4536=CARTESIAN_POINT('',(27.4535533905933,3.2,3.));
#4537=CARTESIAN_POINT('',(27.5535533905933,3.3,3.));
#4538=CARTESIAN_POINT('Origin',(27.2535533905933,3.2,3.));
#4539=CARTESIAN_POINT('Origin',(27.2535533905933,3.4,3.));
#4540=CARTESIAN_POINT('',(27.4535533905933,2.9,3.));
#4541=CARTESIAN_POINT('',(27.4535533905933,3.4,3.));
#4542=CARTESIAN_POINT('Origin',(27.2535533905933,2.9,3.));
#4543=CARTESIAN_POINT('Origin',(29.25,5.29644660940673,-3.));
#4544=CARTESIAN_POINT('',(29.15,5.69644660940673,-3.));
#4545=CARTESIAN_POINT('Origin',(29.15,5.29644660940673,-3.));
#4546=CARTESIAN_POINT('',(29.35,5.49644660940673,-3.));
#4547=CARTESIAN_POINT('',(29.25,5.59644660940673,-3.));
#4548=CARTESIAN_POINT('Origin',(29.35,5.29644660940673,-3.));
#4549=CARTESIAN_POINT('Origin',(29.15,4.69289321881345,5.));
#4550=CARTESIAN_POINT('',(29.15,5.9,5.));
#4551=CARTESIAN_POINT('',(29.15,4.69289321881345,5.));
#4552=CARTESIAN_POINT('',(29.15,5.9,5.));
#4553=CARTESIAN_POINT('',(29.15,5.9,-5.));
#4554=CARTESIAN_POINT('',(29.15,5.9,5.));
#4555=CARTESIAN_POINT('',(29.15,4.69289321881345,-5.));
#4556=CARTESIAN_POINT('',(29.15,5.9,-5.));
#4557=CARTESIAN_POINT('',(29.15,4.69289321881345,5.));
#4558=CARTESIAN_POINT('',(29.15,5.69644660940673,3.));
#4559=CARTESIAN_POINT('Origin',(29.15,5.29644660940673,3.));
#4560=CARTESIAN_POINT('Origin',(29.15,5.29644660940673,-3.));
#4561=CARTESIAN_POINT('',(29.65,5.49644660940673,-3.));
#4562=CARTESIAN_POINT('',(29.15,5.49644660940673,-3.));
#4563=CARTESIAN_POINT('Origin',(29.65,5.29644660940673,-3.));
#4564=CARTESIAN_POINT('Origin',(29.25,5.29644660940673,3.));
#4565=CARTESIAN_POINT('',(29.35,5.49644660940673,3.));
#4566=CARTESIAN_POINT('',(29.25,5.59644660940673,3.));
#4567=CARTESIAN_POINT('Origin',(29.35,5.29644660940673,3.));
#4568=CARTESIAN_POINT('Origin',(29.15,5.29644660940673,3.));
#4569=CARTESIAN_POINT('',(29.65,5.49644660940673,3.));
#4570=CARTESIAN_POINT('',(29.15,5.49644660940673,3.));
#4571=CARTESIAN_POINT('Origin',(29.65,5.29644660940673,3.));
#4572=CARTESIAN_POINT('Origin',(27.8571067811865,3.4,5.));
#4573=CARTESIAN_POINT('',(29.15,4.69289321881345,5.));
#4574=CARTESIAN_POINT('',(29.15,4.69289321881345,-5.));
#4575=CARTESIAN_POINT('Origin',(26.65,2.9,5.));
#4576=CARTESIAN_POINT('',(26.65,2.9,5.));
#4577=CARTESIAN_POINT('',(26.65,2.9,5.));
#4578=CARTESIAN_POINT('',(26.65,2.9,-5.));
#4579=CARTESIAN_POINT('',(26.65,2.9,-5.));
#4580=CARTESIAN_POINT('',(26.65,2.9,5.));
#4581=CARTESIAN_POINT('Origin',(29.65,2.9,5.));
#4582=CARTESIAN_POINT('',(29.65,2.9,5.));
#4583=CARTESIAN_POINT('',(29.65,2.9,5.));
#4584=CARTESIAN_POINT('',(29.65,2.9,-5.));
#4585=CARTESIAN_POINT('',(29.65,2.9,-5.));
#4586=CARTESIAN_POINT('',(29.65,2.9,5.));
#4587=CARTESIAN_POINT('Origin',(29.65,5.9,5.));
#4588=CARTESIAN_POINT('',(29.65,5.9,5.));
#4589=CARTESIAN_POINT('',(29.65,5.9,5.));
#4590=CARTESIAN_POINT('',(29.65,5.9,-5.));
#4591=CARTESIAN_POINT('',(29.65,5.9,-5.));
#4592=CARTESIAN_POINT('',(29.65,5.9,5.));
#4593=CARTESIAN_POINT('Origin',(29.15,5.9,5.));
#4594=CARTESIAN_POINT('',(29.15,5.9,5.));
#4595=CARTESIAN_POINT('',(29.15,5.9,-5.));
#4596=CARTESIAN_POINT('Origin',(28.15,4.4,5.));
#4597=CARTESIAN_POINT('Origin',(28.15,4.4,-5.));
#4598=CARTESIAN_POINT('',(0.,0.,0.));
#4599=CARTESIAN_POINT('',(0.,0.,0.));
#4600=CARTESIAN_POINT('',(0.,0.,0.));
#4601=CARTESIAN_POINT('Origin',(-1.50000002235174,-0.6,-79.7));
#4602=CARTESIAN_POINT('',(-1.50000002235174,-2.6,-79.7));
#4603=CARTESIAN_POINT('',(-1.50000002235174,-0.6,-79.7));
#4604=CARTESIAN_POINT('',(-1.50000002235174,-2.6,-79.7));
#4605=CARTESIAN_POINT('',(-1.50000002235174,-2.6,-77.7));
#4606=CARTESIAN_POINT('',(-1.50000002235174,-2.6,-79.7));
#4607=CARTESIAN_POINT('',(-1.50000002235174,-0.6,-77.7));
#4608=CARTESIAN_POINT('',(-1.50000002235174,-2.6,-77.7));
#4609=CARTESIAN_POINT('',(-1.50000002235174,-0.6,-79.7));
#4610=CARTESIAN_POINT('Origin',(1.50000002235174,-0.6,-79.7));
#4611=CARTESIAN_POINT('',(1.50000002235174,-0.6,-79.7));
#4612=CARTESIAN_POINT('',(-1.50000002235174,-0.6,-79.7));
#4613=CARTESIAN_POINT('',(1.50000002235174,-0.6,-77.7));
#4614=CARTESIAN_POINT('',(-1.50000002235174,-0.6,-77.7));
#4615=CARTESIAN_POINT('',(1.50000002235174,-0.6,-79.7));
#4616=CARTESIAN_POINT('Origin',(1.50000002235174,-2.6,-79.7));
#4617=CARTESIAN_POINT('',(1.50000002235174,-2.6,-79.7));
#4618=CARTESIAN_POINT('',(1.50000002235174,-0.6,-79.7));
#4619=CARTESIAN_POINT('',(1.50000002235174,-2.6,-77.7));
#4620=CARTESIAN_POINT('',(1.50000002235174,-0.6,-77.7));
#4621=CARTESIAN_POINT('',(1.50000002235174,-2.6,-79.7));
#4622=CARTESIAN_POINT('Origin',(-1.50000002235174,-2.6,-79.7));
#4623=CARTESIAN_POINT('',(1.50000002235174,-2.6,-79.7));
#4624=CARTESIAN_POINT('',(1.50000002235174,-2.6,-77.7));
#4625=CARTESIAN_POINT('Origin',(0.,-1.6,-77.7));
#4626=CARTESIAN_POINT('Origin',(0.,-1.6,-79.7));
#4627=CARTESIAN_POINT('',(0.,0.,0.));
#4628=CARTESIAN_POINT('',(0.,0.,0.));
#4629=CARTESIAN_POINT('Origin',(-2.9,3.2,-2.45));
#4630=CARTESIAN_POINT('',(-2.9,3.2,-2.14));
#4631=CARTESIAN_POINT('Origin',(-2.9,3.2,-2.45));
#4632=CARTESIAN_POINT('',(-2.9,2.6,-1.54));
#4633=CARTESIAN_POINT('Origin',(-2.9,3.2,-1.54));
#4634=CARTESIAN_POINT('',(-2.17501727549812,2.6,-3.00000004470348));
#4635=CARTESIAN_POINT('Origin',(-2.9,2.6,-2.45));
#4636=CARTESIAN_POINT('',(-3.00000005214276,2.71336772899426,-3.00000004470348));
#4637=CARTESIAN_POINT('Ctrl Pts',(-2.17501727549812,2.6,-3.00000004470348));
#4638=CARTESIAN_POINT('Ctrl Pts',(-2.21606319907398,2.6,-3.00000004470348));
#4639=CARTESIAN_POINT('Ctrl Pts',(-2.26104300164464,2.60287918233153,-3.00000004470348));
#4640=CARTESIAN_POINT('Ctrl Pts',(-2.35041360083738,2.61399705401723,-3.00000004470348));
#4641=CARTESIAN_POINT('Ctrl Pts',(-2.39481459395687,2.62215362523332,-3.00000004470348));
#4642=CARTESIAN_POINT('Ctrl Pts',(-2.50795278698187,2.64650390948322,-3.00000004470348));
#4643=CARTESIAN_POINT('Ctrl Pts',(-2.58687600238979,2.66879875723729,-3.00000004470348));
#4644=CARTESIAN_POINT('Ctrl Pts',(-2.74531033296801,2.70660073004302,-3.00000004470348));
#4645=CARTESIAN_POINT('Ctrl Pts',(-2.82531698569076,2.71999996647239,-3.00000004470348));
#4646=CARTESIAN_POINT('Ctrl Pts',(-2.93248011834613,2.71999996647239,-3.00000004470348));
#4647=CARTESIAN_POINT('Ctrl Pts',(-2.96600466088124,2.71775384723424,-3.00000004470348));
#4648=CARTESIAN_POINT('Ctrl Pts',(-3.00000005214276,2.71336772899426,-3.00000004470348));
#4649=CARTESIAN_POINT('',(-3.50000005215406,2.6850386995472,-2.50000004470427));
#4650=CARTESIAN_POINT('Ctrl Pts',(-3.00000005214276,2.71336772899426,-3.00000004470348));
#4651=CARTESIAN_POINT('Ctrl Pts',(-3.04978868408637,2.70694395157518,-3.00000004470461));
#4652=CARTESIAN_POINT('Ctrl Pts',(-3.09949791541856,2.70153101946917,-2.99256327483121));
#4653=CARTESIAN_POINT('Ctrl Pts',(-3.2106684697846,2.69104199128497,-2.95825339826824));
#4654=CARTESIAN_POINT('Ctrl Pts',(-3.26949726470293,2.68673071210452,-2.92635105158932));
#4655=CARTESIAN_POINT('Ctrl Pts',(-3.37059165959095,2.68095397034069,-2.84195064677318));
#4656=CARTESIAN_POINT('Ctrl Pts',(-3.41208612866895,2.6794992999034,-2.79062321742806));
#4657=CARTESIAN_POINT('Ctrl Pts',(-3.47258352228581,2.67921993341593,-2.67559621825204));
#4658=CARTESIAN_POINT('Ctrl Pts',(-3.49127908333048,2.68036532201575,-2.61317448465267));
#4659=CARTESIAN_POINT('Ctrl Pts',(-3.49920144768425,2.68350635907257,-2.53265516679316));
#4660=CARTESIAN_POINT('Ctrl Pts',(-3.50000005215404,2.68422849956817,-2.51631599116757));
#4661=CARTESIAN_POINT('Ctrl Pts',(-3.50000005215406,2.6850386995472,-2.50000004470427));
#4662=CARTESIAN_POINT('',(-3.50000005215406,2.6,-1.76582170641336));
#4663=CARTESIAN_POINT('Ctrl Pts',(-3.50000005215406,2.6850386995472,-2.50000004470427));
#4664=CARTESIAN_POINT('Ctrl Pts',(-3.50000005215406,2.68587968431807,-2.48306414881102));
#4665=CARTESIAN_POINT('Ctrl Pts',(-3.50000005215406,2.68628798696593,-2.46636915615948));
#4666=CARTESIAN_POINT('Ctrl Pts',(-3.50000005215406,2.68628798696593,-2.37884043157158));
#4667=CARTESIAN_POINT('Ctrl Pts',(-3.50000005215406,2.67728585204645,-2.30159328565378));
#4668=CARTESIAN_POINT('Ctrl Pts',(-3.50000005215406,2.65022842643397,-2.14814366584612));
#4669=CARTESIAN_POINT('Ctrl Pts',(-3.50000005215406,2.63367213437714,-2.07168064830576));
#4670=CARTESIAN_POINT('Ctrl Pts',(-3.50000005215406,2.60978834250357,-1.92836759459049));
#4671=CARTESIAN_POINT('Ctrl Pts',(-3.50000005215406,2.6,-1.83995173458241));
#4672=CARTESIAN_POINT('Ctrl Pts',(-3.50000005215406,2.6,-1.76582170641336));
#4673=CARTESIAN_POINT('Origin',(-2.9,2.6,-2.45));
#4674=CARTESIAN_POINT('Origin',(2.9,3.2,-2.45));
#4675=CARTESIAN_POINT('',(2.9,3.2,-2.14));
#4676=CARTESIAN_POINT('Origin',(2.9,3.2,-2.45));
#4677=CARTESIAN_POINT('',(2.9,2.6,-1.54));
#4678=CARTESIAN_POINT('Origin',(2.9,3.2,-1.54));
#4679=CARTESIAN_POINT('',(3.50000005215406,2.6,-1.76582170641336));
#4680=CARTESIAN_POINT('Origin',(2.9,2.6,-2.45));
#4681=CARTESIAN_POINT('',(3.50000005215406,2.68503869954679,-2.50000004471261));
#4682=CARTESIAN_POINT('Ctrl Pts',(3.50000005215406,2.6,-1.76582170641336));
#4683=CARTESIAN_POINT('Ctrl Pts',(3.50000005215406,2.6,-1.83995173458241));
#4684=CARTESIAN_POINT('Ctrl Pts',(3.50000005215406,2.60978834250357,-1.92836759459049));
#4685=CARTESIAN_POINT('Ctrl Pts',(3.50000005215406,2.63367213437714,-2.07168064830576));
#4686=CARTESIAN_POINT('Ctrl Pts',(3.50000005215406,2.65022842643397,-2.14814366584612));
#4687=CARTESIAN_POINT('Ctrl Pts',(3.50000005215406,2.67728585204645,-2.30159328565378));
#4688=CARTESIAN_POINT('Ctrl Pts',(3.50000005215406,2.68628798696593,-2.37884043157158));
#4689=CARTESIAN_POINT('Ctrl Pts',(3.50000005215406,2.68628798696593,-2.46636915616216));
#4690=CARTESIAN_POINT('Ctrl Pts',(3.50000005215406,2.68587968431793,-2.4830641488165));
#4691=CARTESIAN_POINT('Ctrl Pts',(3.50000005215406,2.68503869954679,-2.50000004471261));
#4692=CARTESIAN_POINT('',(3.0000000521541,2.7133677289928,-3.00000004470348));
#4693=CARTESIAN_POINT('Ctrl Pts',(3.50000005215406,2.68503869954679,-2.50000004471263));
#4694=CARTESIAN_POINT('Ctrl Pts',(3.50000005215346,2.68338713774199,-2.53325948026708));
#4695=CARTESIAN_POINT('Ctrl Pts',(3.49668127672313,2.6821069619792,-2.56647763060936));
#4696=CARTESIAN_POINT('Ctrl Pts',(3.48133291098191,2.67995182037226,-2.64233653001432));
#4697=CARTESIAN_POINT('Ctrl Pts',(3.46692392234293,2.67934769104407,-2.68418630776096));
#4698=CARTESIAN_POINT('Ctrl Pts',(3.44721361433403,2.67934769104407,-2.72360690909344));
#4699=CARTESIAN_POINT('Ctrl Pts',(3.41835361631831,2.67934769104407,-2.78132688362253));
#4700=CARTESIAN_POINT('Ctrl Pts',(3.37859616268067,2.68062905268682,-2.83290027122512));
#4701=CARTESIAN_POINT('Ctrl Pts',(3.28221415369731,2.68589675978576,-2.91765310715384));
#4702=CARTESIAN_POINT('Ctrl Pts',(3.22667568134948,2.68981127590628,-2.95019455938065));
#4703=CARTESIAN_POINT('Ctrl Pts',(3.11294054089033,2.70008582075166,-2.9903939427413));
#4704=CARTESIAN_POINT('Ctrl Pts',(3.05658368168249,2.70606725441746,-3.00000004470346));
#4705=CARTESIAN_POINT('Ctrl Pts',(3.0000000521543,2.71336772899277,-3.00000004470348));
#4706=CARTESIAN_POINT('',(2.17501727549812,2.6,-3.00000004470348));
#4707=CARTESIAN_POINT('Ctrl Pts',(3.0000000521541,2.7133677289928,-3.00000004470348));
#4708=CARTESIAN_POINT('Ctrl Pts',(2.96600466088869,2.71775384723372,-3.00000004470348));
#4709=CARTESIAN_POINT('Ctrl Pts',(2.93248011834974,2.71999996647239,-3.00000004470348));
#4710=CARTESIAN_POINT('Ctrl Pts',(2.82531698569076,2.71999996647239,-3.00000004470348));
#4711=CARTESIAN_POINT('Ctrl Pts',(2.74531033296801,2.70660073004303,-3.00000004470348));
#4712=CARTESIAN_POINT('Ctrl Pts',(2.58687600238979,2.66879875723729,-3.00000004470348));
#4713=CARTESIAN_POINT('Ctrl Pts',(2.50795278698187,2.64650390948322,-3.00000004470348));
#4714=CARTESIAN_POINT('Ctrl Pts',(2.39481459395687,2.62215362523332,-3.00000004470348));
#4715=CARTESIAN_POINT('Ctrl Pts',(2.35041360083738,2.61399705401723,-3.00000004470348));
#4716=CARTESIAN_POINT('Ctrl Pts',(2.26104300164464,2.60287918233153,-3.00000004470348));
#4717=CARTESIAN_POINT('Ctrl Pts',(2.21606319907398,2.6,-3.00000004470348));
#4718=CARTESIAN_POINT('Ctrl Pts',(2.17501727549812,2.6,-3.00000004470348));
#4719=CARTESIAN_POINT('Origin',(2.9,2.6,-2.45));
#4720=CARTESIAN_POINT('Origin',(-2.9,3.2,2.45));
#4721=CARTESIAN_POINT('',(-2.9,3.2,2.76));
#4722=CARTESIAN_POINT('Origin',(-2.9,3.2,2.45));
#4723=CARTESIAN_POINT('',(-2.9,2.71999996647239,3.00000004470348));
#4724=CARTESIAN_POINT('Origin',(-2.9,3.2,3.36));
#4725=CARTESIAN_POINT('',(-2.17501727549812,2.6,3.00000004470348));
#4726=CARTESIAN_POINT('Ctrl Pts',(-2.9,2.71999996647239,3.00000004470348));
#4727=CARTESIAN_POINT('Ctrl Pts',(-2.82531698569076,2.71999996647239,3.00000004470348));
#4728=CARTESIAN_POINT('Ctrl Pts',(-2.74531033296801,2.70660073004302,3.00000004470348));
#4729=CARTESIAN_POINT('Ctrl Pts',(-2.58687600238979,2.66879875723729,3.00000004470348));
#4730=CARTESIAN_POINT('Ctrl Pts',(-2.50795278698187,2.64650390948322,3.00000004470348));
#4731=CARTESIAN_POINT('Ctrl Pts',(-2.39481459395687,2.62215362523332,3.00000004470348));
#4732=CARTESIAN_POINT('Ctrl Pts',(-2.35041360083738,2.61399705401723,3.00000004470348));
#4733=CARTESIAN_POINT('Ctrl Pts',(-2.26104300164464,2.60287918233153,3.00000004470348));
#4734=CARTESIAN_POINT('Ctrl Pts',(-2.21606319907398,2.6,3.00000004470348));
#4735=CARTESIAN_POINT('Ctrl Pts',(-2.17501727549812,2.6,3.00000004470348));
#4736=CARTESIAN_POINT('',(-3.50000005215406,2.6,1.76582170641337));
#4737=CARTESIAN_POINT('Origin',(-2.9,2.6,2.45));
#4738=CARTESIAN_POINT('',(-3.50000005215406,2.68503869954679,2.50000004471261));
#4739=CARTESIAN_POINT('Ctrl Pts',(-3.50000005215406,2.6,1.76582170641336));
#4740=CARTESIAN_POINT('Ctrl Pts',(-3.50000005215406,2.6,1.83995173458241));
#4741=CARTESIAN_POINT('Ctrl Pts',(-3.50000005215406,2.60978834250357,1.92836759459049));
#4742=CARTESIAN_POINT('Ctrl Pts',(-3.50000005215406,2.63367213437714,2.07168064830576));
#4743=CARTESIAN_POINT('Ctrl Pts',(-3.50000005215406,2.65022842643397,2.14814366584612));
#4744=CARTESIAN_POINT('Ctrl Pts',(-3.50000005215406,2.67728585204645,2.30159328565378));
#4745=CARTESIAN_POINT('Ctrl Pts',(-3.50000005215406,2.68628798696593,2.37884043157158));
#4746=CARTESIAN_POINT('Ctrl Pts',(-3.50000005215406,2.68628798696593,2.46636915616216));
#4747=CARTESIAN_POINT('Ctrl Pts',(-3.50000005215406,2.68587968431793,2.4830641488165));
#4748=CARTESIAN_POINT('Ctrl Pts',(-3.50000005215406,2.68503869954679,2.50000004471261));
#4749=CARTESIAN_POINT('',(-3.00000005215407,2.7133677289928,3.00000004470348));
#4750=CARTESIAN_POINT('Ctrl Pts',(-3.50000005215406,2.68503869954683,2.5000000447117));
#4751=CARTESIAN_POINT('Ctrl Pts',(-3.50000005215392,2.6846077050166,2.50867948665614));
#4752=CARTESIAN_POINT('Ctrl Pts',(-3.49977405801576,2.68420148634509,2.51736878841719));
#4753=CARTESIAN_POINT('Ctrl Pts',(-3.49591547106155,2.68095397034069,2.5913031172054));
#4754=CARTESIAN_POINT('Ctrl Pts',(-3.47975018996116,2.6794992999034,2.65529514525725));
#4755=CARTESIAN_POINT('Ctrl Pts',(-3.42402699179835,2.67921993341592,2.77270924304957));
#4756=CARTESIAN_POINT('Ctrl Pts',(-3.38530692592642,2.68036532201575,2.82511872050545));
#4757=CARTESIAN_POINT('Ctrl Pts',(-3.29060841681048,2.6853509287218,2.91186100700371));
#4758=CARTESIAN_POINT('Ctrl Pts',(-3.23570800437229,2.68912123638192,2.94553786565792));
#4759=CARTESIAN_POINT('Ctrl Pts',(-3.11961899801203,2.69938134818944,2.9892106490041));
#4760=CARTESIAN_POINT('Ctrl Pts',(-3.05996661738032,2.70563078478378,3.00000004470348));
#4761=CARTESIAN_POINT('Ctrl Pts',(-3.00000005215409,2.7133677289928,3.00000004470348));
#4762=CARTESIAN_POINT('Ctrl Pts',(-3.00000005215407,2.7133677289928,3.00000004470348));
#4763=CARTESIAN_POINT('Ctrl Pts',(-2.96600466088867,2.71775384723372,3.00000004470348));
#4764=CARTESIAN_POINT('Ctrl Pts',(-2.93248011834973,2.71999996647239,3.00000004470348));
#4765=CARTESIAN_POINT('Ctrl Pts',(-2.9,2.71999996647239,3.00000004470348));
#4766=CARTESIAN_POINT('Origin',(2.9,3.2,2.45));
#4767=CARTESIAN_POINT('',(2.9,3.2,2.76));
#4768=CARTESIAN_POINT('Origin',(2.9,3.2,2.45));
#4769=CARTESIAN_POINT('',(2.9,2.71999996647239,3.00000004470348));
#4770=CARTESIAN_POINT('Origin',(2.9,3.2,3.36));
#4771=CARTESIAN_POINT('',(3.00000005214276,2.71336772899426,3.00000004470348));
#4772=CARTESIAN_POINT('Ctrl Pts',(2.9,2.71999996647239,3.00000004470348));
#4773=CARTESIAN_POINT('Ctrl Pts',(2.93248011834613,2.71999996647239,3.00000004470348));
#4774=CARTESIAN_POINT('Ctrl Pts',(2.96600466088124,2.71775384723424,3.00000004470348));
#4775=CARTESIAN_POINT('Ctrl Pts',(3.00000005214276,2.71336772899426,3.00000004470348));
#4776=CARTESIAN_POINT('',(3.50000005215406,2.68503869954721,2.50000004470416));
#4777=CARTESIAN_POINT('Ctrl Pts',(3.00000005214273,2.71336772899426,3.00000004470348));
#4778=CARTESIAN_POINT('Ctrl Pts',(3.03061565117429,2.70941767481416,3.00000004470418));
#4779=CARTESIAN_POINT('Ctrl Pts',(3.06128598555778,2.70584010724052,2.99718847944047));
#4780=CARTESIAN_POINT('Ctrl Pts',(3.15691854155695,2.69565534841618,2.97936238024419));
#4781=CARTESIAN_POINT('Ctrl Pts',(3.21927076891163,2.69043580601502,2.95427387709705));
#4782=CARTESIAN_POINT('Ctrl Pts',(3.31129759189602,2.68420354443095,2.89368450481772));
#4783=CARTESIAN_POINT('Ctrl Pts',(3.34438809370433,2.68239175649822,2.86509585717763));
#4784=CARTESIAN_POINT('Ctrl Pts',(3.40266886639253,2.67995182037226,2.79966456058385));
#4785=CARTESIAN_POINT('Ctrl Pts',(3.42750330632513,2.67934769104407,2.76302751042592));
#4786=CARTESIAN_POINT('Ctrl Pts',(3.44721361433403,2.67934769104407,2.72360690909344));
#4787=CARTESIAN_POINT('Ctrl Pts',(3.47607361234975,2.67934769104407,2.66588693456435));
#4788=CARTESIAN_POINT('Ctrl Pts',(3.49347786895019,2.68062905268682,2.60313694427956));
#4789=CARTESIAN_POINT('Ctrl Pts',(3.49949749109436,2.68380856573425,2.52590373530015));
#4790=CARTESIAN_POINT('Ctrl Pts',(3.50000005215405,2.68439598285058,2.51294318403347));
#4791=CARTESIAN_POINT('Ctrl Pts',(3.50000005215406,2.68503869954721,2.50000004470417));
#4792=CARTESIAN_POINT('',(3.50000005215406,2.6,1.76582170641337));
#4793=CARTESIAN_POINT('Ctrl Pts',(3.50000005215406,2.68503869954721,2.50000004470416));
#4794=CARTESIAN_POINT('Ctrl Pts',(3.50000005215406,2.68587968431807,2.48306414881095));
#4795=CARTESIAN_POINT('Ctrl Pts',(3.50000005215406,2.68628798696593,2.46636915615944));
#4796=CARTESIAN_POINT('Ctrl Pts',(3.50000005215406,2.68628798696593,2.37884043157158));
#4797=CARTESIAN_POINT('Ctrl Pts',(3.50000005215406,2.67728585204645,2.30159328565377));
#4798=CARTESIAN_POINT('Ctrl Pts',(3.50000005215406,2.65022842643397,2.14814366584612));
#4799=CARTESIAN_POINT('Ctrl Pts',(3.50000005215406,2.63367213437714,2.07168064830576));
#4800=CARTESIAN_POINT('Ctrl Pts',(3.50000005215406,2.60978834250357,1.92836759459049));
#4801=CARTESIAN_POINT('Ctrl Pts',(3.50000005215406,2.6,1.83995173458241));
#4802=CARTESIAN_POINT('Ctrl Pts',(3.50000005215406,2.6,1.76582170641337));
#4803=CARTESIAN_POINT('',(2.17501727549812,2.6,3.00000004470348));
#4804=CARTESIAN_POINT('Origin',(2.9,2.6,2.45));
#4805=CARTESIAN_POINT('Ctrl Pts',(2.17501727549812,2.6,3.00000004470348));
#4806=CARTESIAN_POINT('Ctrl Pts',(2.21606319907398,2.6,3.00000004470348));
#4807=CARTESIAN_POINT('Ctrl Pts',(2.26104300164464,2.60287918233153,3.00000004470348));
#4808=CARTESIAN_POINT('Ctrl Pts',(2.35041360083738,2.61399705401723,3.00000004470348));
#4809=CARTESIAN_POINT('Ctrl Pts',(2.39481459395687,2.62215362523332,3.00000004470348));
#4810=CARTESIAN_POINT('Ctrl Pts',(2.50795278698187,2.64650390948322,3.00000004470348));
#4811=CARTESIAN_POINT('Ctrl Pts',(2.58687600238979,2.66879875723729,3.00000004470348));
#4812=CARTESIAN_POINT('Ctrl Pts',(2.74531033296801,2.70660073004302,3.00000004470348));
#4813=CARTESIAN_POINT('Ctrl Pts',(2.82531698569076,2.71999996647239,3.00000004470348));
#4814=CARTESIAN_POINT('Ctrl Pts',(2.9,2.71999996647239,3.00000004470348));
#4815=CARTESIAN_POINT('Origin',(2.9,2.4,-2.45));
#4816=CARTESIAN_POINT('',(3.01,3.2,-2.45));
#4817=CARTESIAN_POINT('Origin',(2.9,3.2,-2.45));
#4818=CARTESIAN_POINT('',(3.01,2.6,-2.45));
#4819=CARTESIAN_POINT('',(3.01,2.4,-2.45));
#4820=CARTESIAN_POINT('Origin',(2.9,2.6,-2.45));
#4821=CARTESIAN_POINT('Origin',(2.9,3.2,-2.45));
#4822=CARTESIAN_POINT('Origin',(0.,2.6,4.44089209850063E-16));
#4823=CARTESIAN_POINT('Origin',(2.9,2.4,2.45));
#4824=CARTESIAN_POINT('',(3.01,3.2,2.45));
#4825=CARTESIAN_POINT('Origin',(2.9,3.2,2.45));
#4826=CARTESIAN_POINT('',(3.01,2.6,2.45));
#4827=CARTESIAN_POINT('',(3.01,2.4,2.45));
#4828=CARTESIAN_POINT('Origin',(2.9,2.6,2.45));
#4829=CARTESIAN_POINT('Origin',(2.9,3.2,2.45));
#4830=CARTESIAN_POINT('Origin',(0.,2.6,4.44089209850063E-16));
#4831=CARTESIAN_POINT('',(-3.50000005215406,2.6,-2.50000004470348));
#4832=CARTESIAN_POINT('',(-3.00000005215406,2.6,3.00000004470348));
#4833=CARTESIAN_POINT('',(3.50000005215406,2.6,2.50000004470348));
#4834=CARTESIAN_POINT('',(3.00000005215406,2.6,-3.00000004470348));
#4835=CARTESIAN_POINT('',(2.85000002980232,2.6,-1.04094977927525E-16));
#4836=CARTESIAN_POINT('Origin',(2.00000002980232,2.6,0.));
#4837=CARTESIAN_POINT('',(-1.15000002980232,2.6,-1.04094977927525E-16));
#4838=CARTESIAN_POINT('Origin',(-2.00000002980232,2.6,0.));
#4839=CARTESIAN_POINT('Origin',(-2.9,2.4,-2.45));
#4840=CARTESIAN_POINT('',(-2.79,3.2,-2.45));
#4841=CARTESIAN_POINT('Origin',(-2.9,3.2,-2.45));
#4842=CARTESIAN_POINT('',(-2.79,2.6,-2.45));
#4843=CARTESIAN_POINT('',(-2.79,2.4,-2.45));
#4844=CARTESIAN_POINT('Origin',(-2.9,2.6,-2.45));
#4845=CARTESIAN_POINT('Origin',(-2.9,3.2,-2.45));
#4846=CARTESIAN_POINT('Origin',(0.,2.6,4.44089209850063E-16));
#4847=CARTESIAN_POINT('Origin',(-2.9,2.4,2.45));
#4848=CARTESIAN_POINT('',(-2.79,3.2,2.45));
#4849=CARTESIAN_POINT('Origin',(-2.9,3.2,2.45));
#4850=CARTESIAN_POINT('',(-2.79,2.6,2.45));
#4851=CARTESIAN_POINT('',(-2.79,2.4,2.45));
#4852=CARTESIAN_POINT('Origin',(-2.9,2.6,2.45));
#4853=CARTESIAN_POINT('Origin',(-2.9,3.2,2.45));
#4854=CARTESIAN_POINT('Origin',(0.,2.6,4.44089209850063E-16));
#4855=CARTESIAN_POINT('Origin',(-2.00000002980232,2.6,0.));
#4856=CARTESIAN_POINT('',(-1.40000002980232,2.8,-7.34788079488412E-17));
#4857=CARTESIAN_POINT('Origin',(-2.00000002980232,2.8,0.));
#4858=CARTESIAN_POINT('',(-1.80000002980232,2.4,-2.44929359829471E-17));
#4859=CARTESIAN_POINT('',(-1.60000002980232,2.6,-4.89858719658941E-17));
#4860=CARTESIAN_POINT('Origin',(-2.00000002980232,2.4,0.));
#4861=CARTESIAN_POINT('Origin',(-2.00000002980232,2.8,0.));
#4862=CARTESIAN_POINT('',(-1.35000002980232,2.8,-7.96020419445779E-17));
#4863=CARTESIAN_POINT('Origin',(-2.00000002980232,2.8,0.));
#4864=CARTESIAN_POINT('Origin',(2.00000002980232,2.6,0.));
#4865=CARTESIAN_POINT('',(2.60000002980232,2.8,-7.34788079488412E-17));
#4866=CARTESIAN_POINT('Origin',(2.00000002980232,2.8,0.));
#4867=CARTESIAN_POINT('',(2.20000002980232,2.4,-2.44929359829471E-17));
#4868=CARTESIAN_POINT('',(2.40000002980232,2.6,-4.89858719658941E-17));
#4869=CARTESIAN_POINT('Origin',(2.00000002980232,2.4,0.));
#4870=CARTESIAN_POINT('Origin',(2.00000002980232,2.8,0.));
#4871=CARTESIAN_POINT('',(2.65000002980232,2.8,-7.96020419445779E-17));
#4872=CARTESIAN_POINT('Origin',(2.00000002980232,2.8,0.));
#4873=CARTESIAN_POINT('Origin',(-2.00000002980232,2.7,0.));
#4874=CARTESIAN_POINT('',(-1.25000002980232,2.7,9.18485099360515E-17));
#4875=CARTESIAN_POINT('Origin',(0.,2.6,4.44089209850063E-16));
#4876=CARTESIAN_POINT('Origin',(2.00000002980232,2.7,0.));
#4877=CARTESIAN_POINT('',(2.75000002980232,2.7,9.18485099360515E-17));
#4878=CARTESIAN_POINT('Origin',(3.50000005215406,2.4,2.50000004470348));
#4879=CARTESIAN_POINT('',(3.50000005215406,2.4,2.50000004470348));
#4880=CARTESIAN_POINT('',(3.50000005215406,2.4,-2.50000004470348));
#4881=CARTESIAN_POINT('',(3.50000005215406,2.4,2.50000004470348));
#4882=CARTESIAN_POINT('',(3.50000005215406,2.4,-2.50000004470348));
#4883=CARTESIAN_POINT('',(3.50000005215406,2.4,2.50000004470348));
#4884=CARTESIAN_POINT('Origin',(3.00000005215406,2.4,2.50000004470348));
#4885=CARTESIAN_POINT('',(3.00000005215406,2.4,3.00000004470348));
#4886=CARTESIAN_POINT('Origin',(3.00000005215406,2.4,2.50000004470348));
#4887=CARTESIAN_POINT('',(3.00000005215406,2.4,3.00000004470348));
#4888=CARTESIAN_POINT('Origin',(-3.00000005215406,2.4,3.00000004470348));
#4889=CARTESIAN_POINT('',(-3.00000005215406,2.4,3.00000004470348));
#4890=CARTESIAN_POINT('',(-3.00000005215406,2.4,3.00000004470348));
#4891=CARTESIAN_POINT('',(-3.00000005215406,2.4,3.00000004470348));
#4892=CARTESIAN_POINT('Origin',(-3.00000005215406,2.4,2.50000004470348));
#4893=CARTESIAN_POINT('',(-3.50000005215406,2.4,2.50000004470348));
#4894=CARTESIAN_POINT('Origin',(-3.00000005215406,2.4,2.50000004470348));
#4895=CARTESIAN_POINT('',(-3.50000005215406,2.4,2.50000004470348));
#4896=CARTESIAN_POINT('Origin',(-3.50000005215406,2.4,-2.50000004470348));
#4897=CARTESIAN_POINT('',(-3.50000005215406,2.4,-2.50000004470348));
#4898=CARTESIAN_POINT('',(-3.50000005215406,2.4,-2.50000004470348));
#4899=CARTESIAN_POINT('',(-3.50000005215406,2.4,-2.50000004470348));
#4900=CARTESIAN_POINT('Origin',(-3.00000005215406,2.4,-2.50000004470348));
#4901=CARTESIAN_POINT('',(-3.00000005215406,2.4,-3.00000004470348));
#4902=CARTESIAN_POINT('Origin',(-3.00000005215406,2.4,-2.50000004470348));
#4903=CARTESIAN_POINT('',(-3.00000005215406,2.4,-3.00000004470348));
#4904=CARTESIAN_POINT('Origin',(3.00000005215406,2.4,-3.00000004470348));
#4905=CARTESIAN_POINT('',(3.00000005215406,2.4,-3.00000004470348));
#4906=CARTESIAN_POINT('',(3.00000005215406,2.4,-3.00000004470348));
#4907=CARTESIAN_POINT('',(3.00000005215406,2.4,-3.00000004470348));
#4908=CARTESIAN_POINT('Origin',(3.00000005215406,2.4,-2.50000004470348));
#4909=CARTESIAN_POINT('Origin',(3.00000005215406,2.4,-2.50000004470348));
#4910=CARTESIAN_POINT('Origin',(0.,2.4,4.44089209850063E-16));
#4911=CARTESIAN_POINT('',(1.69788429695006E-5,0.,0.999924897888635));
#4912=CARTESIAN_POINT('',(0.,0.,0.));
#4913=CARTESIAN_POINT('Origin',(15.,-0.5,50.));
#4914=CARTESIAN_POINT('',(15.,-1.3,70.));
#4915=CARTESIAN_POINT('',(15.,-1.3,50.));
#4916=CARTESIAN_POINT('',(15.,-1.3,70.));
#4917=CARTESIAN_POINT('',(15.,-3.,70.));
#4918=CARTESIAN_POINT('',(15.,-0.5,70.));
#4919=CARTESIAN_POINT('',(15.,-3.,50.));
#4920=CARTESIAN_POINT('',(15.,-3.,70.));
#4921=CARTESIAN_POINT('',(15.,-0.5,50.));
#4922=CARTESIAN_POINT('Origin',(15.,-0.5,70.));
#4923=CARTESIAN_POINT('',(-15.,-1.3,70.));
#4924=CARTESIAN_POINT('',(-15.,-1.3,70.));
#4925=CARTESIAN_POINT('',(-15.,-3.,70.));
#4926=CARTESIAN_POINT('',(-15.,-0.5,70.));
#4927=CARTESIAN_POINT('',(-15.,-3.,70.));
#4928=CARTESIAN_POINT('Origin',(-15.,-0.5,50.));
#4929=CARTESIAN_POINT('',(-15.,-1.3,50.));
#4930=CARTESIAN_POINT('',(15.,-1.3,50.));
#4931=CARTESIAN_POINT('',(-15.,-3.,50.));
#4932=CARTESIAN_POINT('',(15.,-3.,50.));
#4933=CARTESIAN_POINT('',(-15.,-0.5,50.));
#4934=CARTESIAN_POINT('Origin',(-15.,-0.5,70.));
#4935=CARTESIAN_POINT('',(-15.,-1.3,50.));
#4936=CARTESIAN_POINT('',(-15.,-3.,50.));
#4937=CARTESIAN_POINT('Origin',(0.,-3.,60.));
#4938=CARTESIAN_POINT('Origin',(-29.7000004425645,-0.5,79.7000011876225));
#4939=CARTESIAN_POINT('',(-29.7000004425645,-0.5,44.2000011876225));
#4940=CARTESIAN_POINT('',(-29.7000004425645,-0.5,79.7000011876225));
#4941=CARTESIAN_POINT('',(-29.7000004425645,-0.5,44.2000011876225));
#4942=CARTESIAN_POINT('',(-29.7000004425645,-1.3,44.2000011876225));
#4943=CARTESIAN_POINT('',(-29.7000004425645,-0.5,44.2000011876225));
#4944=CARTESIAN_POINT('',(-29.7000004425645,-1.3,79.7000011876225));
#4945=CARTESIAN_POINT('',(-29.7000004425645,-1.3,44.2000011876225));
#4946=CARTESIAN_POINT('',(-29.7000004425645,-0.5,79.7000011876225));
#4947=CARTESIAN_POINT('Origin',(29.7000004425645,-0.5,79.7000011876225));
#4948=CARTESIAN_POINT('',(29.7000004425645,-0.5,79.7000011876225));
#4949=CARTESIAN_POINT('',(-29.7000004425645,-0.5,79.7000011876225));
#4950=CARTESIAN_POINT('',(29.7000004425645,-1.3,79.7000011876225));
#4951=CARTESIAN_POINT('',(-29.7000004425645,-1.3,79.7000011876225));
#4952=CARTESIAN_POINT('',(29.7000004425645,-0.5,79.7000011876225));
#4953=CARTESIAN_POINT('Origin',(29.7000004425645,-0.5,44.2000011876225));
#4954=CARTESIAN_POINT('',(29.7000004425645,-0.5,44.2000011876225));
#4955=CARTESIAN_POINT('',(29.7000004425645,-0.5,79.7000011876225));
#4956=CARTESIAN_POINT('',(29.7000004425645,-1.3,44.2000011876225));
#4957=CARTESIAN_POINT('',(29.7000004425645,-1.3,79.7000011876225));
#4958=CARTESIAN_POINT('',(29.7000004425645,-0.5,44.2000011876225));
#4959=CARTESIAN_POINT('Origin',(-29.7000004425645,-0.5,44.2000011876225));
#4960=CARTESIAN_POINT('',(29.7000004425645,-0.5,44.2000011876225));
#4961=CARTESIAN_POINT('',(29.7000004425645,-1.3,44.2000011876225));
#4962=CARTESIAN_POINT('Origin',(0.,-1.3,61.9500011876225));
#4963=CARTESIAN_POINT('Origin',(0.,-0.5,61.9500011876225));
#4964=CARTESIAN_POINT('',(0.,0.,0.));
#4965=CARTESIAN_POINT('Ctrl Pts',(-15.001,-1.5,-75.));
#4966=CARTESIAN_POINT('Ctrl Pts',(-15.001,-1.5,-75.0001495996502));
#4967=CARTESIAN_POINT('Ctrl Pts',(-15.0009317463181,-1.5,-75.0004486996149));
#4968=CARTESIAN_POINT('Ctrl Pts',(-15.0006448017544,-1.5,-75.0008085232457));
#4969=CARTESIAN_POINT('Ctrl Pts',(-15.0002300904378,-1.5,-75.0010082288046));
#4970=CARTESIAN_POINT('Ctrl Pts',(-14.9998210422607,-1.5,-75.0010082350228));
#4971=CARTESIAN_POINT('Ctrl Pts',(-14.9994924490181,-1.5,-75.0008790381492));
#4972=CARTESIAN_POINT('Ctrl Pts',(-14.999255937697,-1.5,-75.0006904491621));
#4973=CARTESIAN_POINT('Ctrl Pts',(-14.9991138226899,-1.5,-75.0004820538949));
#4974=CARTESIAN_POINT('Ctrl Pts',(-14.9990409155506,-1.5,-75.0002958631096));
#4975=CARTESIAN_POINT('Ctrl Pts',(-14.9989735320844,-1.5,-75.0000032879429));
#4976=CARTESIAN_POINT('Ctrl Pts',(-14.999028182522,-1.5,-74.9996428141343));
#4977=CARTESIAN_POINT('Ctrl Pts',(-14.9992560347616,-1.5,-74.99930964148));
#4978=CARTESIAN_POINT('Ctrl Pts',(-14.9994924422714,-1.5,-74.9991208574372));
#4979=CARTESIAN_POINT('Ctrl Pts',(-14.9997741023547,-1.5,-74.9990106230006));
#4980=CARTESIAN_POINT('Ctrl Pts',(-15.0001766456834,-1.5,-74.9989795757592));
#4981=CARTESIAN_POINT('Ctrl Pts',(-15.0006130859876,-1.5,-74.9991508556608));
#4982=CARTESIAN_POINT('Ctrl Pts',(-15.0009316472795,-1.5,-74.9995516383401));
#4983=CARTESIAN_POINT('Ctrl Pts',(-15.001,-1.5,-74.9998504003498));
#4984=CARTESIAN_POINT('Ctrl Pts',(-15.001,-1.5,-75.));
#4985=CARTESIAN_POINT('Ctrl Pts',(-15.1053487578522,-1.5,-75.));
#4986=CARTESIAN_POINT('Ctrl Pts',(-15.1053487578522,-1.5,-75.0157605208529));
#4987=CARTESIAN_POINT('Ctrl Pts',(-15.098158793185,-1.5,-75.0472702492675));
#4988=CARTESIAN_POINT('Ctrl Pts',(-15.0679295340348,-1.5,-75.0851776771626));
#4989=CARTESIAN_POINT('Ctrl Pts',(-15.0242401710467,-1.5,-75.1062163931244));
#4990=CARTESIAN_POINT('Ctrl Pts',(-14.9811470830399,-1.5,-75.1062172018679));
#4991=CARTESIAN_POINT('Ctrl Pts',(-14.9465299349211,-1.5,-75.0926063431183));
#4992=CARTESIAN_POINT('Ctrl Pts',(-14.9216133479884,-1.5,-75.0727383992565));
#4993=CARTESIAN_POINT('Ctrl Pts',(-14.9066417295776,-1.5,-75.0507842574517));
#4994=CARTESIAN_POINT('Ctrl Pts',(-14.8989609253547,-1.5,-75.0311689842842));
#4995=CARTESIAN_POINT('Ctrl Pts',(-14.891862060761,-1.5,-75.0003461392981));
#4996=CARTESIAN_POINT('Ctrl Pts',(-14.8976194005373,-1.5,-74.9623707609434));
#4997=CARTESIAN_POINT('Ctrl Pts',(-14.9216235924564,-1.5,-74.9272710580925));
#4998=CARTESIAN_POINT('Ctrl Pts',(-14.9465291931003,-1.5,-74.9073826520896));
#4999=CARTESIAN_POINT('Ctrl Pts',(-14.9762018884058,-1.5,-74.8957695180904));
#5000=CARTESIAN_POINT('Ctrl Pts',(-15.0186095834596,-1.5,-74.8924987440055));
#5001=CARTESIAN_POINT('Ctrl Pts',(-15.0645884248162,-1.5,-74.9105430694321));
#5002=CARTESIAN_POINT('Ctrl Pts',(-15.0981483749872,-1.5,-74.9527653638617));
#5003=CARTESIAN_POINT('Ctrl Pts',(-15.1053487578522,-1.5,-74.9842394791471));
#5004=CARTESIAN_POINT('Ctrl Pts',(-15.1053487578522,-1.5,-75.));
#5005=CARTESIAN_POINT('Ctrl Pts',(-15.3655616298278,-1.4864971665797,-75.));
#5006=CARTESIAN_POINT('Ctrl Pts',(-15.3655616298278,-1.4864971665797,-75.054704056533));
#5007=CARTESIAN_POINT('Ctrl Pts',(-15.3406307619635,-1.4864971665797,-75.1640400986437));
#5008=CARTESIAN_POINT('Ctrl Pts',(-15.2357345955193,-1.4864971665797,-75.2955970027191));
#5009=CARTESIAN_POINT('Ctrl Pts',(-15.0841303259832,-1.4864971665797,-75.3686009925843));
#5010=CARTESIAN_POINT('Ctrl Pts',(-14.9345823863884,-1.4864971665797,-75.3686097423006));
#5011=CARTESIAN_POINT('Ctrl Pts',(-14.8144504236636,-1.4864971665797,-75.3213749025489));
#5012=CARTESIAN_POINT('Ctrl Pts',(-14.727973551588,-1.4864971665797,-75.2524201672077));
#5013=CARTESIAN_POINT('Ctrl Pts',(-14.6760226457218,-1.4864971665797,-75.1762405704145));
#5014=CARTESIAN_POINT('Ctrl Pts',(-14.6493652125983,-1.4864971665797,-75.1081634999288));
#5015=CARTESIAN_POINT('Ctrl Pts',(-14.6247281825942,-1.4864971665797,-75.0011917712575));
#5016=CARTESIAN_POINT('Ctrl Pts',(-14.6447056140388,-1.4864971665797,-74.8694201558009));
#5017=CARTESIAN_POINT('Ctrl Pts',(-14.7280098284195,-1.4864971665797,-74.7476091040264));
#5018=CARTESIAN_POINT('Ctrl Pts',(-14.8144466482314,-1.4864971665797,-74.678586719171));
#5019=CARTESIAN_POINT('Ctrl Pts',(-14.9174173166286,-1.4864971665797,-74.6382861606603));
#5020=CARTESIAN_POINT('Ctrl Pts',(-15.0645824757625,-1.4864971665797,-74.6269370805385));
#5021=CARTESIAN_POINT('Ctrl Pts',(-15.2241450552545,-1.4864971665797,-74.6895588928031));
#5022=CARTESIAN_POINT('Ctrl Pts',(-15.340595206058,-1.4864971665797,-74.8360838657201));
#5023=CARTESIAN_POINT('Ctrl Pts',(-15.3655616298278,-1.4864971665797,-74.945295943467));
#5024=CARTESIAN_POINT('Ctrl Pts',(-15.3655616298278,-1.4864971665797,-75.));
#5025=CARTESIAN_POINT('Ctrl Pts',(-15.9310608675522,-1.40196904308944,-75.));
#5026=CARTESIAN_POINT('Ctrl Pts',(-15.9310608675522,-1.40196904308944,-75.1392893221745));
#5027=CARTESIAN_POINT('Ctrl Pts',(-15.8675161862314,-1.40196904308944,-75.4177689708349));
#5028=CARTESIAN_POINT('Ctrl Pts',(-15.6003532873817,-1.40196904308944,-75.752790165673));
#5029=CARTESIAN_POINT('Ctrl Pts',(-15.2142314952944,-1.40196904308944,-75.93872806922));
#5030=CARTESIAN_POINT('Ctrl Pts',(-14.8333799013834,-1.40196904308944,-75.9387350375036));
#5031=CARTESIAN_POINT('Ctrl Pts',(-14.5274376114091,-1.40196904308944,-75.8184438978082));
#5032=CARTESIAN_POINT('Ctrl Pts',(-14.3072280071658,-1.40196904308944,-75.6428535532565));
#5033=CARTESIAN_POINT('Ctrl Pts',(-14.1749104469059,-1.40196904308944,-75.4488251874863));
#5034=CARTESIAN_POINT('Ctrl Pts',(-14.1070284832592,-1.40196904308944,-75.2754678920847));
#5035=CARTESIAN_POINT('Ctrl Pts',(-14.0442896066624,-1.40196904308944,-75.0030594231631));
#5036=CARTESIAN_POINT('Ctrl Pts',(-14.0951723682149,-1.40196904308944,-74.6674370536641));
#5037=CARTESIAN_POINT('Ctrl Pts',(-14.3073185246858,-1.40196904308944,-74.3572301367409));
#5038=CARTESIAN_POINT('Ctrl Pts',(-14.5274310915201,-1.40196904308944,-74.1814588488128));
#5039=CARTESIAN_POINT('Ctrl Pts',(-14.7896749650642,-1.40196904308944,-74.0788233184199));
#5040=CARTESIAN_POINT('Ctrl Pts',(-15.1644692650563,-1.40196904308944,-74.0499165560682));
#5041=CARTESIAN_POINT('Ctrl Pts',(-15.5708248020465,-1.40196904308944,-74.2093901082672));
#5042=CARTESIAN_POINT('Ctrl Pts',(-15.8674240933699,-1.40196904308944,-74.582545762474));
#5043=CARTESIAN_POINT('Ctrl Pts',(-15.9310608675522,-1.40196904308944,-74.8607106778255));
#5044=CARTESIAN_POINT('Ctrl Pts',(-15.9310608675522,-1.40196904308944,-75.));
#5045=CARTESIAN_POINT('Ctrl Pts',(-16.6217852157669,-1.24067136755647,-75.));
#5046=CARTESIAN_POINT('Ctrl Pts',(-16.6217852157669,-1.24067136755647,-75.2426387842229));
#5047=CARTESIAN_POINT('Ctrl Pts',(-16.5111175739179,-1.24067136755647,-75.7277103830509));
#5048=CARTESIAN_POINT('Ctrl Pts',(-16.0457548164965,-1.24067136755647,-76.311291108796));
#5049=CARTESIAN_POINT('Ctrl Pts',(-15.3731799702972,-1.24067136755647,-76.6351697536778));
#5050=CARTESIAN_POINT('Ctrl Pts',(-14.7097720825055,-1.24067136755647,-76.6351879650128));
#5051=CARTESIAN_POINT('Ctrl Pts',(-14.176850765781,-1.24067136755647,-76.4256515844289));
#5052=CARTESIAN_POINT('Ctrl Pts',(-13.7932583582539,-1.24067136755647,-76.1197833895971));
#5053=CARTESIAN_POINT('Ctrl Pts',(-13.5627794547014,-1.24067136755647,-75.781813180425));
#5054=CARTESIAN_POINT('Ctrl Pts',(-13.4445329826955,-1.24067136755647,-75.4798355763231));
#5055=CARTESIAN_POINT('Ctrl Pts',(-13.3352461778737,-1.24067136755647,-75.0053195703008));
#5056=CARTESIAN_POINT('Ctrl Pts',(-13.4238766068184,-1.24067136755647,-74.4207132167671));
#5057=CARTESIAN_POINT('Ctrl Pts',(-13.7934167721703,-1.24067136755647,-73.8803587637998));
#5058=CARTESIAN_POINT('Ctrl Pts',(-14.1768381813857,-1.24067136755647,-73.5741788173195));
#5059=CARTESIAN_POINT('Ctrl Pts',(-14.6336385583877,-1.24067136755647,-73.395398375308));
#5060=CARTESIAN_POINT('Ctrl Pts',(-15.2864908840359,-1.24067136755647,-73.3450471710809));
#5061=CARTESIAN_POINT('Ctrl Pts',(-15.9943243354844,-1.24067136755647,-73.6228369891928));
#5062=CARTESIAN_POINT('Ctrl Pts',(-16.5109577687213,-1.24067136755647,-74.2728382356347));
#5063=CARTESIAN_POINT('Ctrl Pts',(-16.6217852157669,-1.24067136755647,-74.7573612157771));
#5064=CARTESIAN_POINT('Ctrl Pts',(-16.6217852157669,-1.24067136755647,-75.));
#5065=CARTESIAN_POINT('Ctrl Pts',(-17.2966059305506,-1.02304398823527,-75.));
#5066=CARTESIAN_POINT('Ctrl Pts',(-17.2966059305506,-1.02304398823527,-75.3435405713524));
#5067=CARTESIAN_POINT('Ctrl Pts',(-17.1398158089428,-1.02304398823527,-76.0304618722554));
#5068=CARTESIAN_POINT('Ctrl Pts',(-16.4808176883184,-1.02304398823527,-76.8567983039729));
#5069=CARTESIAN_POINT('Ctrl Pts',(-15.5283925133409,-1.02304398823527,-77.3154446112414));
#5070=CARTESIAN_POINT('Ctrl Pts',(-14.5889998785477,-1.02304398823527,-77.3154465223827));
#5071=CARTESIAN_POINT('Ctrl Pts',(-13.834371471272,-1.02304398823527,-77.0187425680338));
#5072=CARTESIAN_POINT('Ctrl Pts',(-13.2912314158636,-1.02304398823527,-76.5856544104597));
#5073=CARTESIAN_POINT('Ctrl Pts',(-12.9648475521122,-1.02304398823527,-76.1070493253013));
#5074=CARTESIAN_POINT('Ctrl Pts',(-12.7974188596806,-1.02304398823527,-75.6794670313127));
#5075=CARTESIAN_POINT('Ctrl Pts',(-12.6426736519114,-1.02304398823527,-75.0075705414114));
#5076=CARTESIAN_POINT('Ctrl Pts',(-12.7681854534864,-1.02304398823527,-74.1796970398836));
#5077=CARTESIAN_POINT('Ctrl Pts',(-13.2914528190612,-1.02304398823527,-73.41456113849));
#5078=CARTESIAN_POINT('Ctrl Pts',(-13.8343584768651,-1.02304398823527,-72.9810180336802));
#5079=CARTESIAN_POINT('Ctrl Pts',(-14.4812081862251,-1.02304398823527,-72.7278588519821));
#5080=CARTESIAN_POINT('Ctrl Pts',(-15.4056710247375,-1.02304398823527,-72.656554427058));
#5081=CARTESIAN_POINT('Ctrl Pts',(-16.4079704240314,-1.02304398823527,-73.0499007221235));
#5082=CARTESIAN_POINT('Ctrl Pts',(-17.1395871172149,-1.02304398823527,-73.9703134732115));
#5083=CARTESIAN_POINT('Ctrl Pts',(-17.2966059305506,-1.02304398823527,-74.6564594286476));
#5084=CARTESIAN_POINT('Ctrl Pts',(-17.2966059305506,-1.02304398823527,-75.));
#5085=CARTESIAN_POINT('Ctrl Pts',(-17.7958219831532,-0.800241680773217,
-75.));
#5086=CARTESIAN_POINT('Ctrl Pts',(-17.7958219831532,-0.800241680773217,
-75.4182992132851));
#5087=CARTESIAN_POINT('Ctrl Pts',(-17.6050529575618,-0.800241680773216,
-76.2545198782595));
#5088=CARTESIAN_POINT('Ctrl Pts',(-16.802806355591,-0.800241680773216,-77.260576385213));
#5089=CARTESIAN_POINT('Ctrl Pts',(-15.6433425149009,-0.800241680773217,
-77.8189156193066));
#5090=CARTESIAN_POINT('Ctrl Pts',(-14.4996729263727,-0.800241680773217,
-77.8189511233366));
#5091=CARTESIAN_POINT('Ctrl Pts',(-13.580954273101,-0.800241680773217,-77.4577245006353));
#5092=CARTESIAN_POINT('Ctrl Pts',(-12.9196620208487,-0.800241680773217,
-76.9304245514457));
#5093=CARTESIAN_POINT('Ctrl Pts',(-12.5223362433971,-0.800241680773216,
-76.3477932851043));
#5094=CARTESIAN_POINT('Ctrl Pts',(-12.3184858080787,-0.800241680773217,
-75.8272010068964));
#5095=CARTESIAN_POINT('Ctrl Pts',(-12.1300818252364,-0.800241680773216,
-75.0091640385554));
#5096=CARTESIAN_POINT('Ctrl Pts',(-12.2828728410748,-0.800241680773217,
-74.001354008106));
#5097=CARTESIAN_POINT('Ctrl Pts',(-12.9199356167862,-0.800241680773217,
-73.069818057499));
#5098=CARTESIAN_POINT('Ctrl Pts',(-13.5809317480812,-0.800241680773217,
-72.5419829937699));
#5099=CARTESIAN_POINT('Ctrl Pts',(-14.368421523285,-0.800241680773216,-72.2337785210135));
#5100=CARTESIAN_POINT('Ctrl Pts',(-15.4938911241593,-0.800241680773217,
-72.1469776395946));
#5101=CARTESIAN_POINT('Ctrl Pts',(-16.7141473829226,-0.800241680773217,
-72.6258694002297));
#5102=CARTESIAN_POINT('Ctrl Pts',(-17.6047778784221,-0.800241680773217,
-73.7464261615387));
#5103=CARTESIAN_POINT('Ctrl Pts',(-17.7958219831532,-0.800241680773217,
-74.5817007867149));
#5104=CARTESIAN_POINT('Ctrl Pts',(-17.7958219831532,-0.800241680773217,
-75.));
#5105=CARTESIAN_POINT('Ctrl Pts',(-18.0582674583492,-0.617635334311816,
-75.));
#5106=CARTESIAN_POINT('Ctrl Pts',(-18.0582674583492,-0.617635334311816,
-75.4574899051212));
#5107=CARTESIAN_POINT('Ctrl Pts',(-17.8494973820625,-0.617635334311816,
-76.3722230740922));
#5108=CARTESIAN_POINT('Ctrl Pts',(-16.9719445506169,-0.617635334311816,
-77.4726293007033));
#5109=CARTESIAN_POINT('Ctrl Pts',(-15.7036491833818,-0.617635334311816,
-78.0833834310752));
#5110=CARTESIAN_POINT('Ctrl Pts',(-14.452695422624,-0.617635334311816,-78.0833920959654));
#5111=CARTESIAN_POINT('Ctrl Pts',(-13.4477867943934,-0.617635334311816,
-77.6882821650195));
#5112=CARTESIAN_POINT('Ctrl Pts',(-12.7244997417745,-0.617635334311816,
-77.1115487205813));
#5113=CARTESIAN_POINT('Ctrl Pts',(-12.2898726211215,-0.617635334311816,
-76.4742175126567));
#5114=CARTESIAN_POINT('Ctrl Pts',(-12.0669116894505,-0.617635334311816,
-75.9048168533461));
#5115=CARTESIAN_POINT('Ctrl Pts',(-11.8608417731715,-0.617635334311816,
-75.0100716714533));
#5116=CARTESIAN_POINT('Ctrl Pts',(-12.0279785012844,-0.617635334311816,
-73.9076403148682));
#5117=CARTESIAN_POINT('Ctrl Pts',(-12.7247953226137,-0.617635334311816,
-72.8887346632082));
#5118=CARTESIAN_POINT('Ctrl Pts',(-13.4477682534443,-0.617635334311816,
-72.3113988438792));
#5119=CARTESIAN_POINT('Ctrl Pts',(-14.3091496524342,-0.617635334311816,
-71.9742773738814));
#5120=CARTESIAN_POINT('Ctrl Pts',(-15.5402176109042,-0.617635334311816,
-71.8793256465281));
#5121=CARTESIAN_POINT('Ctrl Pts',(-16.8749420172742,-0.617635334311816,
-72.4031318862395));
#5122=CARTESIAN_POINT('Ctrl Pts',(-17.8491934585732,-0.617635334311816,
-73.6288098098507));
#5123=CARTESIAN_POINT('Ctrl Pts',(-18.0582674583492,-0.617635334311816,
-74.5425100948788));
#5124=CARTESIAN_POINT('Ctrl Pts',(-18.0582674583492,-0.617635334311816,
-75.));
#5125=CARTESIAN_POINT('Ctrl Pts',(-18.1,-0.533671751485074,-75.));
#5126=CARTESIAN_POINT('Ctrl Pts',(-18.1,-0.533671751485074,-75.4637446054209));
#5127=CARTESIAN_POINT('Ctrl Pts',(-17.8883958280266,-0.533671751485074,
-76.390957531338));
#5128=CARTESIAN_POINT('Ctrl Pts',(-16.9988678965871,-0.533671751485074,
-77.5063937974508));
#5129=CARTESIAN_POINT('Ctrl Pts',(-15.7132643421735,-0.533671751485074,
-78.1254816494167));
#5130=CARTESIAN_POINT('Ctrl Pts',(-14.4452288220896,-0.533671751485074,
-78.1254951921448));
#5131=CARTESIAN_POINT('Ctrl Pts',(-13.4265994033311,-0.533671751485074,
-77.7249896823344));
#5132=CARTESIAN_POINT('Ctrl Pts',(-12.6934297187957,-0.533671751485074,
-77.1403760726273));
#5133=CARTESIAN_POINT('Ctrl Pts',(-12.2528724107383,-0.533671751485074,
-76.4943492246937));
#5134=CARTESIAN_POINT('Ctrl Pts',(-12.0268650421358,-0.533671751485074,
-75.9171691779309));
#5135=CARTESIAN_POINT('Ctrl Pts',(-11.8179800331398,-0.533671751485074,
-75.010201630406));
#5136=CARTESIAN_POINT('Ctrl Pts',(-11.987396984028,-0.533671751485074,-73.8927294792913));
#5137=CARTESIAN_POINT('Ctrl Pts',(-12.6937299163866,-0.533671751485074,
-72.8599083385199));
#5138=CARTESIAN_POINT('Ctrl Pts',(-13.4265796473407,-0.533671751485074,
-72.2746868203131));
#5139=CARTESIAN_POINT('Ctrl Pts',(-14.2997201076618,-0.533671751485074,
-71.9329627920784));
#5140=CARTESIAN_POINT('Ctrl Pts',(-15.5475948978301,-0.533671751485074,
-71.8367158123251));
#5141=CARTESIAN_POINT('Ctrl Pts',(-16.9005450118928,-0.533671751485074,
-72.367676024817));
#5142=CARTESIAN_POINT('Ctrl Pts',(-17.8880882340528,-0.533671751485074,
-73.6100897565185));
#5143=CARTESIAN_POINT('Ctrl Pts',(-18.1,-0.533671751485074,-74.5362553945791));
#5144=CARTESIAN_POINT('Ctrl Pts',(-18.1,-0.533671751485074,-75.));
#5145=CARTESIAN_POINT('Ctrl Pts',(-18.1,-0.5,-75.));
#5146=CARTESIAN_POINT('Ctrl Pts',(-18.1,-0.5,-75.4637589155299));
#5147=CARTESIAN_POINT('Ctrl Pts',(-17.8884135860549,-0.5,-76.3909688062919));
#5148=CARTESIAN_POINT('Ctrl Pts',(-16.9988854385518,-0.5,-77.5064220618395));
#5149=CARTESIAN_POINT('Ctrl Pts',(-15.713280357259,-0.5,-78.1255092943578));
#5150=CARTESIAN_POINT('Ctrl Pts',(-14.4452310080551,-0.5,-78.1255285706531));
#5151=CARTESIAN_POINT('Ctrl Pts',(-13.4265919562337,-0.5,-77.725018262582));
#5152=CARTESIAN_POINT('Ctrl Pts',(-12.6934068607837,-0.5,-77.1403924025747));
#5153=CARTESIAN_POINT('Ctrl Pts',(-12.2528503386445,-0.5,-76.4943670744057));
#5154=CARTESIAN_POINT('Ctrl Pts',(-12.0268382068563,-0.5,-75.9171756398743));
#5155=CARTESIAN_POINT('Ctrl Pts',(-11.8179494617443,-0.5,-75.0101926231533));
#5156=CARTESIAN_POINT('Ctrl Pts',(-11.9873658181068,-0.5,-73.8927238162158));
#5157=CARTESIAN_POINT('Ctrl Pts',(-12.6937077610503,-0.5,-72.8598885878449));
#5158=CARTESIAN_POINT('Ctrl Pts',(-13.4265710413446,-0.5,-72.2746580553246));
#5159=CARTESIAN_POINT('Ctrl Pts',(-14.2997172995851,-0.5,-71.9329313020173));
#5160=CARTESIAN_POINT('Ctrl Pts',(-15.5476016186777,-0.5,-71.8366848534894));
#5161=CARTESIAN_POINT('Ctrl Pts',(-16.9005665616048,-0.5,-72.3676525485596));
#5162=CARTESIAN_POINT('Ctrl Pts',(-17.8881065664477,-0.5,-73.6100788542464));
#5163=CARTESIAN_POINT('Ctrl Pts',(-18.1,-0.5,-74.5362410844701));
#5164=CARTESIAN_POINT('Ctrl Pts',(-18.1,-0.5,-75.));
#5165=CARTESIAN_POINT('',(-15.001,-1.5,-75.));
#5166=CARTESIAN_POINT('',(-18.1,-0.5,-75.));
#5167=CARTESIAN_POINT('Ctrl Pts',(-15.001,-1.5,-75.));
#5168=CARTESIAN_POINT('Ctrl Pts',(-15.1053487578522,-1.5,-75.));
#5169=CARTESIAN_POINT('Ctrl Pts',(-15.3655616298278,-1.4864971665797,-75.));
#5170=CARTESIAN_POINT('Ctrl Pts',(-15.9310608675522,-1.40196904308944,-75.));
#5171=CARTESIAN_POINT('Ctrl Pts',(-16.6217852157669,-1.24067136755647,-75.));
#5172=CARTESIAN_POINT('Ctrl Pts',(-17.2966059305506,-1.02304398823527,-75.));
#5173=CARTESIAN_POINT('Ctrl Pts',(-17.7958219831532,-0.800241680773217,
-75.));
#5174=CARTESIAN_POINT('Ctrl Pts',(-18.0582674583492,-0.617635334311816,
-75.));
#5175=CARTESIAN_POINT('Ctrl Pts',(-18.1,-0.533671751485074,-75.));
#5176=CARTESIAN_POINT('Ctrl Pts',(-18.1,-0.5,-75.));
#5177=CARTESIAN_POINT('Origin',(-15.,-0.5,-75.));
#5178=CARTESIAN_POINT('Ctrl Pts',(-15.001,-1.5,-75.));
#5179=CARTESIAN_POINT('Ctrl Pts',(-15.001,-1.5,-74.9998504003498));
#5180=CARTESIAN_POINT('Ctrl Pts',(-15.0009316472795,-1.5,-74.9995516383401));
#5181=CARTESIAN_POINT('Ctrl Pts',(-15.0006130859876,-1.5,-74.9991508556608));
#5182=CARTESIAN_POINT('Ctrl Pts',(-15.0001766456834,-1.5,-74.9989795757592));
#5183=CARTESIAN_POINT('Ctrl Pts',(-14.9997741023547,-1.5,-74.9990106230006));
#5184=CARTESIAN_POINT('Ctrl Pts',(-14.9994924422714,-1.5,-74.9991208574372));
#5185=CARTESIAN_POINT('Ctrl Pts',(-14.9992560347616,-1.5,-74.99930964148));
#5186=CARTESIAN_POINT('Ctrl Pts',(-14.999028182522,-1.5,-74.9996428141343));
#5187=CARTESIAN_POINT('Ctrl Pts',(-14.9989735320844,-1.5,-75.0000032879429));
#5188=CARTESIAN_POINT('Ctrl Pts',(-14.9990409155506,-1.5,-75.0002958631096));
#5189=CARTESIAN_POINT('Ctrl Pts',(-14.9991138226899,-1.5,-75.0004820538949));
#5190=CARTESIAN_POINT('Ctrl Pts',(-14.999255937697,-1.5,-75.0006904491621));
#5191=CARTESIAN_POINT('Ctrl Pts',(-14.9994924490181,-1.5,-75.0008790381492));
#5192=CARTESIAN_POINT('Ctrl Pts',(-14.9998210422607,-1.5,-75.0010082350228));
#5193=CARTESIAN_POINT('Ctrl Pts',(-15.0002300904378,-1.5,-75.0010082288046));
#5194=CARTESIAN_POINT('Ctrl Pts',(-15.0006448017544,-1.5,-75.0008085232457));
#5195=CARTESIAN_POINT('Ctrl Pts',(-15.0009317463181,-1.5,-75.0004486996149));
#5196=CARTESIAN_POINT('Ctrl Pts',(-15.001,-1.5,-75.0001495996502));
#5197=CARTESIAN_POINT('Ctrl Pts',(-15.001,-1.5,-75.));
#5198=CARTESIAN_POINT('Origin',(-15.,-1.5,-75.));
#5199=CARTESIAN_POINT('Origin',(-15.,-0.5,-75.));
#5200=CARTESIAN_POINT('',(0.,0.,0.));
#5201=CARTESIAN_POINT('Origin',(26.4071067811865,-5.25,-78.7));
#5202=CARTESIAN_POINT('',(26.4071067811865,-5.25,-78.7));
#5203=CARTESIAN_POINT('',(28.7,-5.25,-76.4071067811865));
#5204=CARTESIAN_POINT('',(26.4071067811865,-5.25,-78.7));
#5205=CARTESIAN_POINT('',(28.7,-0.75,-76.4071067811865));
#5206=CARTESIAN_POINT('',(28.7,-5.25,-76.4071067811865));
#5207=CARTESIAN_POINT('',(26.4071067811865,-0.75,-78.7));
#5208=CARTESIAN_POINT('',(26.4071067811865,-0.75,-78.7));
#5209=CARTESIAN_POINT('',(26.4071067811865,-5.25,-78.7));
#5210=CARTESIAN_POINT('Origin',(24.7,-5.25,-78.7));
#5211=CARTESIAN_POINT('',(24.7,-5.25,-78.7));
#5212=CARTESIAN_POINT('',(26.4071067811865,-5.25,-78.7));
#5213=CARTESIAN_POINT('',(24.7,-0.75,-78.7));
#5214=CARTESIAN_POINT('',(26.4071067811865,-0.75,-78.7));
#5215=CARTESIAN_POINT('',(24.7,-5.25,-78.7));
#5216=CARTESIAN_POINT('Origin',(24.7,-5.25,-79.7));
#5217=CARTESIAN_POINT('',(24.7,-5.25,-79.7));
#5218=CARTESIAN_POINT('',(24.7,-5.25,-79.7));
#5219=CARTESIAN_POINT('',(24.7,-0.75,-79.7));
#5220=CARTESIAN_POINT('',(24.7,-0.75,-79.7));
#5221=CARTESIAN_POINT('',(24.7,-5.25,-79.7));
#5222=CARTESIAN_POINT('Origin',(29.7,-5.25,-79.7));
#5223=CARTESIAN_POINT('',(29.7,-5.25,-79.7));
#5224=CARTESIAN_POINT('',(29.7,-5.25,-79.7));
#5225=CARTESIAN_POINT('',(29.7,-0.75,-79.7));
#5226=CARTESIAN_POINT('',(29.7,-0.75,-79.7));
#5227=CARTESIAN_POINT('',(29.7,-5.25,-79.7));
#5228=CARTESIAN_POINT('Origin',(29.7,-5.25,-74.7));
#5229=CARTESIAN_POINT('',(29.7,-5.25,-74.7));
#5230=CARTESIAN_POINT('',(29.7,-5.25,-74.7));
#5231=CARTESIAN_POINT('',(29.7,-0.75,-74.7));
#5232=CARTESIAN_POINT('',(29.7,-0.75,-74.7));
#5233=CARTESIAN_POINT('',(29.7,-5.25,-74.7));
#5234=CARTESIAN_POINT('Origin',(28.7,-5.25,-74.7));
#5235=CARTESIAN_POINT('',(28.7,-5.25,-74.7));
#5236=CARTESIAN_POINT('',(28.7,-5.25,-74.7));
#5237=CARTESIAN_POINT('',(28.7,-0.75,-74.7));
#5238=CARTESIAN_POINT('',(28.7,-0.75,-74.7));
#5239=CARTESIAN_POINT('',(28.7,-5.25,-74.7));
#5240=CARTESIAN_POINT('Origin',(28.7,-5.25,-76.4071067811865));
#5241=CARTESIAN_POINT('',(28.7,-5.25,-74.7));
#5242=CARTESIAN_POINT('',(28.7,-0.75,-74.7));
#5243=CARTESIAN_POINT('Origin',(27.2,-5.25,-77.2));
#5244=CARTESIAN_POINT('Origin',(27.2,-0.75,-77.2));
#5245=CARTESIAN_POINT('Origin',(-29.7,-5.25,-79.7));
#5246=CARTESIAN_POINT('',(-29.7,-5.25,-74.7));
#5247=CARTESIAN_POINT('',(-29.7,-5.25,-79.7));
#5248=CARTESIAN_POINT('',(-29.7,-5.25,-74.7));
#5249=CARTESIAN_POINT('',(-29.7,-0.75,-74.7));
#5250=CARTESIAN_POINT('',(-29.7,-5.25,-74.7));
#5251=CARTESIAN_POINT('',(-29.7,-0.75,-79.7));
#5252=CARTESIAN_POINT('',(-29.7,-0.75,-74.7));
#5253=CARTESIAN_POINT('',(-29.7,-5.25,-79.7));
#5254=CARTESIAN_POINT('Origin',(-24.7,-5.25,-79.7));
#5255=CARTESIAN_POINT('',(-24.7,-5.25,-79.7));
#5256=CARTESIAN_POINT('',(-29.7,-5.25,-79.7));
#5257=CARTESIAN_POINT('',(-24.7,-0.75,-79.7));
#5258=CARTESIAN_POINT('',(-29.7,-0.75,-79.7));
#5259=CARTESIAN_POINT('',(-24.7,-5.25,-79.7));
#5260=CARTESIAN_POINT('Origin',(-24.7,-5.25,-78.7));
#5261=CARTESIAN_POINT('',(-24.7,-5.25,-78.7));
#5262=CARTESIAN_POINT('',(-24.7,-5.25,-79.7));
#5263=CARTESIAN_POINT('',(-24.7,-0.75,-78.7));
#5264=CARTESIAN_POINT('',(-24.7,-0.75,-79.7));
#5265=CARTESIAN_POINT('',(-24.7,-5.25,-78.7));
#5266=CARTESIAN_POINT('Origin',(-26.4071067811865,-5.25,-78.7));
#5267=CARTESIAN_POINT('',(-26.4071067811865,-5.25,-78.7));
#5268=CARTESIAN_POINT('',(-26.4071067811865,-5.25,-78.7));
#5269=CARTESIAN_POINT('',(-26.4071067811865,-0.75,-78.7));
#5270=CARTESIAN_POINT('',(-26.4071067811865,-0.75,-78.7));
#5271=CARTESIAN_POINT('',(-26.4071067811865,-5.25,-78.7));
#5272=CARTESIAN_POINT('Origin',(-28.7,-5.25,-76.4071067811865));
#5273=CARTESIAN_POINT('',(-28.7,-5.25,-76.4071067811865));
#5274=CARTESIAN_POINT('',(-26.4071067811865,-5.25,-78.7));
#5275=CARTESIAN_POINT('',(-28.7,-0.75,-76.4071067811865));
#5276=CARTESIAN_POINT('',(-26.4071067811865,-0.75,-78.7));
#5277=CARTESIAN_POINT('',(-28.7,-5.25,-76.4071067811865));
#5278=CARTESIAN_POINT('Origin',(-28.7,-5.25,-74.7));
#5279=CARTESIAN_POINT('',(-28.7,-5.25,-74.7));
#5280=CARTESIAN_POINT('',(-28.7,-5.25,-74.7));
#5281=CARTESIAN_POINT('',(-28.7,-0.75,-74.7));
#5282=CARTESIAN_POINT('',(-28.7,-0.75,-74.7));
#5283=CARTESIAN_POINT('',(-28.7,-5.25,-74.7));
#5284=CARTESIAN_POINT('Origin',(-29.7,-5.25,-74.7));
#5285=CARTESIAN_POINT('',(-28.7,-5.25,-74.7));
#5286=CARTESIAN_POINT('',(-28.7,-0.75,-74.7));
#5287=CARTESIAN_POINT('Origin',(-27.2,-5.25,-77.2));
#5288=CARTESIAN_POINT('Origin',(-27.2,-0.75,-77.2));
#5289=CARTESIAN_POINT('',(0.,0.,0.));
#5290=CARTESIAN_POINT('Origin',(-26.4071067811865,-5.25,78.7));
#5291=CARTESIAN_POINT('',(-28.7,-5.25,76.4071067811865));
#5292=CARTESIAN_POINT('',(-26.4071067811865,-5.25,78.7));
#5293=CARTESIAN_POINT('',(-28.7,-5.25,76.4071067811865));
#5294=CARTESIAN_POINT('',(-28.7,-1.75,76.4071067811865));
#5295=CARTESIAN_POINT('',(-28.7,-5.25,76.4071067811865));
#5296=CARTESIAN_POINT('',(-26.4071067811865,-1.75,78.7));
#5297=CARTESIAN_POINT('',(-28.7,-1.75,76.4071067811865));
#5298=CARTESIAN_POINT('',(-26.4071067811865,-5.25,78.7));
#5299=CARTESIAN_POINT('Origin',(-24.7,-5.25,78.7));
#5300=CARTESIAN_POINT('',(-24.7,-5.25,78.7));
#5301=CARTESIAN_POINT('',(-26.4071067811865,-5.25,78.7));
#5302=CARTESIAN_POINT('',(-24.7,-1.75,78.7));
#5303=CARTESIAN_POINT('',(-26.4071067811865,-1.75,78.7));
#5304=CARTESIAN_POINT('',(-24.7,-5.25,78.7));
#5305=CARTESIAN_POINT('Origin',(-24.7,-5.25,79.7));
#5306=CARTESIAN_POINT('',(-24.7,-5.25,79.7));
#5307=CARTESIAN_POINT('',(-24.7,-5.25,79.7));
#5308=CARTESIAN_POINT('',(-24.7,-1.75,79.7));
#5309=CARTESIAN_POINT('',(-24.7,-1.75,79.7));
#5310=CARTESIAN_POINT('',(-24.7,-5.25,79.7));
#5311=CARTESIAN_POINT('Origin',(-29.7,-5.25,79.7));
#5312=CARTESIAN_POINT('',(-29.7,-5.25,79.7));
#5313=CARTESIAN_POINT('',(-29.7,-5.25,79.7));
#5314=CARTESIAN_POINT('',(-29.7,-1.75,79.7));
#5315=CARTESIAN_POINT('',(-29.7,-1.75,79.7));
#5316=CARTESIAN_POINT('',(-29.7,-5.25,79.7));
#5317=CARTESIAN_POINT('Origin',(-29.7,-5.25,74.7));
#5318=CARTESIAN_POINT('',(-29.7,-5.25,74.7));
#5319=CARTESIAN_POINT('',(-29.7,-5.25,74.7));
#5320=CARTESIAN_POINT('',(-29.7,-1.75,74.7));
#5321=CARTESIAN_POINT('',(-29.7,-1.75,74.7));
#5322=CARTESIAN_POINT('',(-29.7,-5.25,74.7));
#5323=CARTESIAN_POINT('Origin',(-28.7,-5.25,74.7));
#5324=CARTESIAN_POINT('',(-28.7,-5.25,74.7));
#5325=CARTESIAN_POINT('',(-28.7,-5.25,74.7));
#5326=CARTESIAN_POINT('',(-28.7,-1.75,74.7));
#5327=CARTESIAN_POINT('',(-28.7,-1.75,74.7));
#5328=CARTESIAN_POINT('',(-28.7,-5.25,74.7));
#5329=CARTESIAN_POINT('Origin',(-28.7,-5.25,76.4071067811865));
#5330=CARTESIAN_POINT('',(-28.7,-5.25,74.7));
#5331=CARTESIAN_POINT('',(-28.7,-1.75,74.7));
#5332=CARTESIAN_POINT('Origin',(-27.2,-5.25,77.2));
#5333=CARTESIAN_POINT('Origin',(-27.2,-1.75,77.2));
#5334=CARTESIAN_POINT('Origin',(29.7,-5.25,79.7));
#5335=CARTESIAN_POINT('',(29.7,-5.25,74.7));
#5336=CARTESIAN_POINT('',(29.7,-5.25,79.7));
#5337=CARTESIAN_POINT('',(29.7,-5.25,74.7));
#5338=CARTESIAN_POINT('',(29.7,-1.75,74.7));
#5339=CARTESIAN_POINT('',(29.7,-5.25,74.7));
#5340=CARTESIAN_POINT('',(29.7,-1.75,79.7));
#5341=CARTESIAN_POINT('',(29.7,-1.75,74.7));
#5342=CARTESIAN_POINT('',(29.7,-5.25,79.7));
#5343=CARTESIAN_POINT('Origin',(24.7,-5.25,79.7));
#5344=CARTESIAN_POINT('',(24.7,-5.25,79.7));
#5345=CARTESIAN_POINT('',(29.7,-5.25,79.7));
#5346=CARTESIAN_POINT('',(24.7,-1.75,79.7));
#5347=CARTESIAN_POINT('',(29.7,-1.75,79.7));
#5348=CARTESIAN_POINT('',(24.7,-5.25,79.7));
#5349=CARTESIAN_POINT('Origin',(24.7,-5.25,78.7));
#5350=CARTESIAN_POINT('',(24.7,-5.25,78.7));
#5351=CARTESIAN_POINT('',(24.7,-5.25,79.7));
#5352=CARTESIAN_POINT('',(24.7,-1.75,78.7));
#5353=CARTESIAN_POINT('',(24.7,-1.75,79.7));
#5354=CARTESIAN_POINT('',(24.7,-5.25,78.7));
#5355=CARTESIAN_POINT('Origin',(26.4071067811865,-5.25,78.7));
#5356=CARTESIAN_POINT('',(26.4071067811865,-5.25,78.7));
#5357=CARTESIAN_POINT('',(26.4071067811865,-5.25,78.7));
#5358=CARTESIAN_POINT('',(26.4071067811865,-1.75,78.7));
#5359=CARTESIAN_POINT('',(26.4071067811865,-1.75,78.7));
#5360=CARTESIAN_POINT('',(26.4071067811865,-5.25,78.7));
#5361=CARTESIAN_POINT('Origin',(28.7,-5.25,76.4071067811865));
#5362=CARTESIAN_POINT('',(28.7,-5.25,76.4071067811865));
#5363=CARTESIAN_POINT('',(28.7,-5.25,76.4071067811865));
#5364=CARTESIAN_POINT('',(28.7,-1.75,76.4071067811865));
#5365=CARTESIAN_POINT('',(28.7,-1.75,76.4071067811865));
#5366=CARTESIAN_POINT('',(28.7,-5.25,76.4071067811865));
#5367=CARTESIAN_POINT('Origin',(28.7,-5.25,74.7));
#5368=CARTESIAN_POINT('',(28.7,-5.25,74.7));
#5369=CARTESIAN_POINT('',(28.7,-5.25,74.7));
#5370=CARTESIAN_POINT('',(28.7,-1.75,74.7));
#5371=CARTESIAN_POINT('',(28.7,-1.75,74.7));
#5372=CARTESIAN_POINT('',(28.7,-5.25,74.7));
#5373=CARTESIAN_POINT('Origin',(29.7,-5.25,74.7));
#5374=CARTESIAN_POINT('',(28.7,-5.25,74.7));
#5375=CARTESIAN_POINT('',(28.7,-1.75,74.7));
#5376=CARTESIAN_POINT('Origin',(27.2,-5.25,77.2));
#5377=CARTESIAN_POINT('Origin',(27.2,-1.75,77.2));
#5378=CARTESIAN_POINT('',(0.,0.,0.));
#5379=CARTESIAN_POINT('',(0.,0.,0.));
#5380=CARTESIAN_POINT('',(-5.51091059616309E-17,0.45,0.));
#5381=CARTESIAN_POINT('',(0.,0.,0.));
#5382=CARTESIAN_POINT('',(0.238999843597277,-0.00999975204468306,1.5638551148423E-31));
#5383=CARTESIAN_POINT('',(0.,0.,0.));
#5384=CARTESIAN_POINT('',(0.,0.,0.));
#5385=CARTESIAN_POINT('',(0.,0.,0.));
#5386=CARTESIAN_POINT('',(0.,0.,0.));
#5387=UNCERTAINTY_MEASURE_WITH_UNIT(LENGTH_MEASURE(0.001),#5415,
'DISTANCE_ACCURACY_VALUE',
'Maximum model space distance between geometric entities at asserted c
onnectivities');
#5388=UNCERTAINTY_MEASURE_WITH_UNIT(LENGTH_MEASURE(0.001),#5415,
'DISTANCE_ACCURACY_VALUE',
'Maximum model space distance between geometric entities at asserted c
onnectivities');
#5389=UNCERTAINTY_MEASURE_WITH_UNIT(LENGTH_MEASURE(0.001),#5415,
'DISTANCE_ACCURACY_VALUE',
'Maximum model space distance between geometric entities at asserted c
onnectivities');
#5390=UNCERTAINTY_MEASURE_WITH_UNIT(LENGTH_MEASURE(0.001),#5415,
'DISTANCE_ACCURACY_VALUE',
'Maximum model space distance between geometric entities at asserted c
onnectivities');
#5391=UNCERTAINTY_MEASURE_WITH_UNIT(LENGTH_MEASURE(0.001),#5415,
'DISTANCE_ACCURACY_VALUE',
'Maximum model space distance between geometric entities at asserted c
onnectivities');
#5392=UNCERTAINTY_MEASURE_WITH_UNIT(LENGTH_MEASURE(0.001),#5415,
'DISTANCE_ACCURACY_VALUE',
'Maximum model space distance between geometric entities at asserted c
onnectivities');
#5393=UNCERTAINTY_MEASURE_WITH_UNIT(LENGTH_MEASURE(0.001),#5415,
'DISTANCE_ACCURACY_VALUE',
'Maximum model space distance between geometric entities at asserted c
onnectivities');
#5394=UNCERTAINTY_MEASURE_WITH_UNIT(LENGTH_MEASURE(0.001),#5415,
'DISTANCE_ACCURACY_VALUE',
'Maximum model space distance between geometric entities at asserted c
onnectivities');
#5395=UNCERTAINTY_MEASURE_WITH_UNIT(LENGTH_MEASURE(0.001),#5415,
'DISTANCE_ACCURACY_VALUE',
'Maximum model space distance between geometric entities at asserted c
onnectivities');
#5396=UNCERTAINTY_MEASURE_WITH_UNIT(LENGTH_MEASURE(0.001),#5415,
'DISTANCE_ACCURACY_VALUE',
'Maximum model space distance between geometric entities at asserted c
onnectivities');
#5397=UNCERTAINTY_MEASURE_WITH_UNIT(LENGTH_MEASURE(0.001),#5415,
'DISTANCE_ACCURACY_VALUE',
'Maximum model space distance between geometric entities at asserted c
onnectivities');
#5398=UNCERTAINTY_MEASURE_WITH_UNIT(LENGTH_MEASURE(0.001),#5415,
'DISTANCE_ACCURACY_VALUE',
'Maximum model space distance between geometric entities at asserted c
onnectivities');
#5399=UNCERTAINTY_MEASURE_WITH_UNIT(LENGTH_MEASURE(0.001),#5415,
'DISTANCE_ACCURACY_VALUE',
'Maximum model space distance between geometric entities at asserted c
onnectivities');
#5400=UNCERTAINTY_MEASURE_WITH_UNIT(LENGTH_MEASURE(0.001),#5415,
'DISTANCE_ACCURACY_VALUE',
'Maximum model space distance between geometric entities at asserted c
onnectivities');
#5401=(
GEOMETRIC_REPRESENTATION_CONTEXT(3)
GLOBAL_UNCERTAINTY_ASSIGNED_CONTEXT((#5387))
GLOBAL_UNIT_ASSIGNED_CONTEXT((#5415,#5417,#5418))
REPRESENTATION_CONTEXT('','3D')
);
#5402=(
GEOMETRIC_REPRESENTATION_CONTEXT(3)
GLOBAL_UNCERTAINTY_ASSIGNED_CONTEXT((#5388))
GLOBAL_UNIT_ASSIGNED_CONTEXT((#5415,#5417,#5418))
REPRESENTATION_CONTEXT('','3D')
);
#5403=(
GEOMETRIC_REPRESENTATION_CONTEXT(3)
GLOBAL_UNCERTAINTY_ASSIGNED_CONTEXT((#5389))
GLOBAL_UNIT_ASSIGNED_CONTEXT((#5415,#5417,#5418))
REPRESENTATION_CONTEXT('','3D')
);
#5404=(
GEOMETRIC_REPRESENTATION_CONTEXT(3)
GLOBAL_UNCERTAINTY_ASSIGNED_CONTEXT((#5390))
GLOBAL_UNIT_ASSIGNED_CONTEXT((#5415,#5417,#5418))
REPRESENTATION_CONTEXT('','3D')
);
#5405=(
GEOMETRIC_REPRESENTATION_CONTEXT(3)
GLOBAL_UNCERTAINTY_ASSIGNED_CONTEXT((#5391))
GLOBAL_UNIT_ASSIGNED_CONTEXT((#5415,#5417,#5418))
REPRESENTATION_CONTEXT('','3D')
);
#5406=(
GEOMETRIC_REPRESENTATION_CONTEXT(3)
GLOBAL_UNCERTAINTY_ASSIGNED_CONTEXT((#5392))
GLOBAL_UNIT_ASSIGNED_CONTEXT((#5415,#5417,#5418))
REPRESENTATION_CONTEXT('','3D')
);
#5407=(
GEOMETRIC_REPRESENTATION_CONTEXT(3)
GLOBAL_UNCERTAINTY_ASSIGNED_CONTEXT((#5393))
GLOBAL_UNIT_ASSIGNED_CONTEXT((#5415,#5417,#5418))
REPRESENTATION_CONTEXT('','3D')
);
#5408=(
GEOMETRIC_REPRESENTATION_CONTEXT(3)
GLOBAL_UNCERTAINTY_ASSIGNED_CONTEXT((#5394))
GLOBAL_UNIT_ASSIGNED_CONTEXT((#5415,#5417,#5418))
REPRESENTATION_CONTEXT('','3D')
);
#5409=(
GEOMETRIC_REPRESENTATION_CONTEXT(3)
GLOBAL_UNCERTAINTY_ASSIGNED_CONTEXT((#5395))
GLOBAL_UNIT_ASSIGNED_CONTEXT((#5415,#5417,#5418))
REPRESENTATION_CONTEXT('','3D')
);
#5410=(
GEOMETRIC_REPRESENTATION_CONTEXT(3)
GLOBAL_UNCERTAINTY_ASSIGNED_CONTEXT((#5396))
GLOBAL_UNIT_ASSIGNED_CONTEXT((#5415,#5417,#5418))
REPRESENTATION_CONTEXT('','3D')
);
#5411=(
GEOMETRIC_REPRESENTATION_CONTEXT(3)
GLOBAL_UNCERTAINTY_ASSIGNED_CONTEXT((#5397))
GLOBAL_UNIT_ASSIGNED_CONTEXT((#5415,#5417,#5418))
REPRESENTATION_CONTEXT('','3D')
);
#5412=(
GEOMETRIC_REPRESENTATION_CONTEXT(3)
GLOBAL_UNCERTAINTY_ASSIGNED_CONTEXT((#5398))
GLOBAL_UNIT_ASSIGNED_CONTEXT((#5415,#5417,#5418))
REPRESENTATION_CONTEXT('','3D')
);
#5413=(
GEOMETRIC_REPRESENTATION_CONTEXT(3)
GLOBAL_UNCERTAINTY_ASSIGNED_CONTEXT((#5399))
GLOBAL_UNIT_ASSIGNED_CONTEXT((#5415,#5417,#5418))
REPRESENTATION_CONTEXT('','3D')
);
#5414=(
GEOMETRIC_REPRESENTATION_CONTEXT(3)
GLOBAL_UNCERTAINTY_ASSIGNED_CONTEXT((#5400))
GLOBAL_UNIT_ASSIGNED_CONTEXT((#5415,#5417,#5418))
REPRESENTATION_CONTEXT('','3D')
);
#5415=(
LENGTH_UNIT()
NAMED_UNIT(*)
SI_UNIT(.CENTI.,.METRE.)
);
#5416=(
LENGTH_UNIT()
NAMED_UNIT(*)
SI_UNIT($,.METRE.)
);
#5417=(
NAMED_UNIT(*)
PLANE_ANGLE_UNIT()
SI_UNIT($,.RADIAN.)
);
#5418=(
NAMED_UNIT(*)
SI_UNIT($,.STERADIAN.)
SOLID_ANGLE_UNIT()
);
#5419=SHAPE_DEFINITION_REPRESENTATION(#5432,#5457);
#5420=SHAPE_DEFINITION_REPRESENTATION(#5433,#5458);
#5421=SHAPE_DEFINITION_REPRESENTATION(#5434,#5459);
#5422=SHAPE_DEFINITION_REPRESENTATION(#5435,#5460);
#5423=SHAPE_DEFINITION_REPRESENTATION(#5436,#5461);
#5424=SHAPE_DEFINITION_REPRESENTATION(#5437,#5462);
#5425=SHAPE_DEFINITION_REPRESENTATION(#5440,#5463);
#5426=SHAPE_DEFINITION_REPRESENTATION(#5441,#5464);
#5427=SHAPE_DEFINITION_REPRESENTATION(#5442,#5465);
#5428=SHAPE_DEFINITION_REPRESENTATION(#5444,#5466);
#5429=SHAPE_DEFINITION_REPRESENTATION(#5445,#5467);
#5430=SHAPE_DEFINITION_REPRESENTATION(#5446,#5468);
#5431=SHAPE_DEFINITION_REPRESENTATION(#5447,#5469);
#5432=PRODUCT_DEFINITION_SHAPE('',$,#5471);
#5433=PRODUCT_DEFINITION_SHAPE('',$,#5472);
#5434=PRODUCT_DEFINITION_SHAPE('',$,#5473);
#5435=PRODUCT_DEFINITION_SHAPE('',$,#5474);
#5436=PRODUCT_DEFINITION_SHAPE('',$,#5475);
#5437=PRODUCT_DEFINITION_SHAPE('',$,#5476);
#5438=PRODUCT_DEFINITION_SHAPE($,$,#68);
#5439=PRODUCT_DEFINITION_SHAPE($,$,#69);
#5440=PRODUCT_DEFINITION_SHAPE('',$,#5477);
#5441=PRODUCT_DEFINITION_SHAPE('',$,#5478);
#5442=PRODUCT_DEFINITION_SHAPE('',$,#5479);
#5443=PRODUCT_DEFINITION_SHAPE($,$,#70);
#5444=PRODUCT_DEFINITION_SHAPE('',$,#5480);
#5445=PRODUCT_DEFINITION_SHAPE('',$,#5481);
#5446=PRODUCT_DEFINITION_SHAPE('',$,#5482);
#5447=PRODUCT_DEFINITION_SHAPE('',$,#5483);
#5448=PRODUCT_DEFINITION_SHAPE($,$,#71);
#5449=PRODUCT_DEFINITION_SHAPE($,$,#72);
#5450=PRODUCT_DEFINITION_SHAPE($,$,#73);
#5451=PRODUCT_DEFINITION_SHAPE($,$,#74);
#5452=PRODUCT_DEFINITION_SHAPE($,$,#75);
#5453=PRODUCT_DEFINITION_SHAPE($,$,#76);
#5454=PRODUCT_DEFINITION_SHAPE($,$,#77);
#5455=PRODUCT_DEFINITION_SHAPE($,$,#78);
#5456=PRODUCT_DEFINITION_SHAPE($,$,#79);
#5457=SHAPE_REPRESENTATION('',(#3087,#3347,#3348,#3349,#3350,#3351,#3352,
#3353,#3354,#3355),#5401);
#5458=SHAPE_REPRESENTATION('',(#3088),#5402);
#5459=SHAPE_REPRESENTATION('',(#3095),#5403);
#5460=SHAPE_REPRESENTATION('',(#3148,#3215,#3216),#5404);
#5461=SHAPE_REPRESENTATION('',(#3149),#5405);
#5462=SHAPE_REPRESENTATION('',(#3156),#5406);
#5463=SHAPE_REPRESENTATION('',(#3217),#5407);
#5464=SHAPE_REPRESENTATION('',(#3224,#3292),#5408);
#5465=SHAPE_REPRESENTATION('',(#3225),#5409);
#5466=SHAPE_REPRESENTATION('',(#3293),#5410);
#5467=SHAPE_REPRESENTATION('',(#3305),#5411);
#5468=SHAPE_REPRESENTATION('',(#3309),#5412);
#5469=SHAPE_REPRESENTATION('',(#3328),#5413);
#5470=PRODUCT_DEFINITION_CONTEXT('part definition',#5511,'design');
#5471=PRODUCT_DEFINITION('NovaMirror','NovaMirror v2',#5484,#5470);
#5472=PRODUCT_DEFINITION('Glass','Glass',#5485,#5470);
#5473=PRODUCT_DEFINITION('Frame','Frame',#5486,#5470);
#5474=PRODUCT_DEFINITION('Support','Support',#5487,#5470);
#5475=PRODUCT_DEFINITION('Board','Board',#5488,#5470);
#5476=PRODUCT_DEFINITION('Brackets','Brackets',#5489,#5470);
#5477=PRODUCT_DEFINITION('Sensor','Sensor',#5490,#5470);
#5478=PRODUCT_DEFINITION('Raspi','Raspi',#5491,#5470);
#5479=PRODUCT_DEFINITION('Raspi_Holder','Raspi_Holder',#5492,#5470);
#5480=PRODUCT_DEFINITION('Monitor','Monitor',#5493,#5470);
#5481=PRODUCT_DEFINITION('Mic','Mic',#5494,#5470);
#5482=PRODUCT_DEFINITION('Lower_Brackets','Lower_Brackets',#5495,#5470);
#5483=PRODUCT_DEFINITION('Upper_Brackets','Upper_Brackets',#5496,#5470);
#5484=PRODUCT_DEFINITION_FORMATION('',$,#5513);
#5485=PRODUCT_DEFINITION_FORMATION('',$,#5514);
#5486=PRODUCT_DEFINITION_FORMATION('',$,#5515);
#5487=PRODUCT_DEFINITION_FORMATION('',$,#5516);
#5488=PRODUCT_DEFINITION_FORMATION('',$,#5517);
#5489=PRODUCT_DEFINITION_FORMATION('',$,#5518);
#5490=PRODUCT_DEFINITION_FORMATION('',$,#5519);
#5491=PRODUCT_DEFINITION_FORMATION('',$,#5520);
#5492=PRODUCT_DEFINITION_FORMATION('',$,#5521);
#5493=PRODUCT_DEFINITION_FORMATION('',$,#5522);
#5494=PRODUCT_DEFINITION_FORMATION('',$,#5523);
#5495=PRODUCT_DEFINITION_FORMATION('',$,#5524);
#5496=PRODUCT_DEFINITION_FORMATION('',$,#5525);
#5497=PRODUCT_RELATED_PRODUCT_CATEGORY('NovaMirror v2','NovaMirror v2',
(#5513));
#5498=PRODUCT_RELATED_PRODUCT_CATEGORY('Glass','Glass',(#5514));
#5499=PRODUCT_RELATED_PRODUCT_CATEGORY('Frame','Frame',(#5515));
#5500=PRODUCT_RELATED_PRODUCT_CATEGORY('Support','Support',(#5516));
#5501=PRODUCT_RELATED_PRODUCT_CATEGORY('Board','Board',(#5517));
#5502=PRODUCT_RELATED_PRODUCT_CATEGORY('Brackets','Brackets',(#5518));
#5503=PRODUCT_RELATED_PRODUCT_CATEGORY('Sensor','Sensor',(#5519));
#5504=PRODUCT_RELATED_PRODUCT_CATEGORY('Raspi','Raspi',(#5520));
#5505=PRODUCT_RELATED_PRODUCT_CATEGORY('Raspi_Holder','Raspi_Holder',(#5521));
#5506=PRODUCT_RELATED_PRODUCT_CATEGORY('Monitor','Monitor',(#5522));
#5507=PRODUCT_RELATED_PRODUCT_CATEGORY('Mic','Mic',(#5523));
#5508=PRODUCT_RELATED_PRODUCT_CATEGORY('Lower_Brackets',
'Lower_Brackets',(#5524));
#5509=PRODUCT_RELATED_PRODUCT_CATEGORY('Upper_Brackets',
'Upper_Brackets',(#5525));
#5510=APPLICATION_PROTOCOL_DEFINITION('international standard',
'automotive_design',2009,#5511);
#5511=APPLICATION_CONTEXT(
'Core Data for Automotive Mechanical Design Process');
#5512=PRODUCT_CONTEXT('part definition',#5511,'mechanical');
#5513=PRODUCT('NovaMirror','NovaMirror v2',$,(#5512));
#5514=PRODUCT('Glass','Glass',$,(#5512));
#5515=PRODUCT('Frame','Frame',$,(#5512));
#5516=PRODUCT('Support','Support',$,(#5512));
#5517=PRODUCT('Board','Board',$,(#5512));
#5518=PRODUCT('Brackets','Brackets',$,(#5512));
#5519=PRODUCT('Sensor','Sensor',$,(#5512));
#5520=PRODUCT('Raspi','Raspi',$,(#5512));
#5521=PRODUCT('Raspi_Holder','Raspi_Holder',$,(#5512));
#5522=PRODUCT('Monitor','Monitor',$,(#5512));
#5523=PRODUCT('Mic','Mic',$,(#5512));
#5524=PRODUCT('Lower_Brackets','Lower_Brackets',$,(#5512));
#5525=PRODUCT('Upper_Brackets','Upper_Brackets',$,(#5512));
#5526=PRESENTATION_STYLE_ASSIGNMENT((#5533));
#5527=PRESENTATION_STYLE_ASSIGNMENT((#5534));
#5528=PRESENTATION_STYLE_ASSIGNMENT((#5535));
#5529=PRESENTATION_STYLE_ASSIGNMENT((#5536));
#5530=PRESENTATION_STYLE_ASSIGNMENT((#5537));
#5531=PRESENTATION_STYLE_ASSIGNMENT((#5538));
#5532=PRESENTATION_STYLE_ASSIGNMENT((#5539));
#5533=SURFACE_STYLE_USAGE(.BOTH.,#5540);
#5534=SURFACE_STYLE_USAGE(.BOTH.,#5541);
#5535=SURFACE_STYLE_USAGE(.BOTH.,#5542);
#5536=SURFACE_STYLE_USAGE(.BOTH.,#5543);
#5537=SURFACE_STYLE_USAGE(.BOTH.,#5544);
#5538=SURFACE_STYLE_USAGE(.BOTH.,#5545);
#5539=SURFACE_STYLE_USAGE(.BOTH.,#5546);
#5540=SURFACE_SIDE_STYLE('',(#5547));
#5541=SURFACE_SIDE_STYLE('',(#5548));
#5542=SURFACE_SIDE_STYLE('',(#5549));
#5543=SURFACE_SIDE_STYLE('',(#5550));
#5544=SURFACE_SIDE_STYLE('',(#5551));
#5545=SURFACE_SIDE_STYLE('',(#5552));
#5546=SURFACE_SIDE_STYLE('',(#5553));
#5547=SURFACE_STYLE_FILL_AREA(#5554);
#5548=SURFACE_STYLE_FILL_AREA(#5555);
#5549=SURFACE_STYLE_FILL_AREA(#5556);
#5550=SURFACE_STYLE_FILL_AREA(#5557);
#5551=SURFACE_STYLE_FILL_AREA(#5558);
#5552=SURFACE_STYLE_FILL_AREA(#5559);
#5553=SURFACE_STYLE_FILL_AREA(#5560);
#5554=FILL_AREA_STYLE('Stahl - satiniert',(#5561));
#5555=FILL_AREA_STYLE('',(#5562));
#5556=FILL_AREA_STYLE('',(#5563));
#5557=FILL_AREA_STYLE('',(#5564));
#5558=FILL_AREA_STYLE('',(#5565));
#5559=FILL_AREA_STYLE('',(#5566));
#5560=FILL_AREA_STYLE('',(#5567));
#5561=FILL_AREA_STYLE_COLOUR('Stahl - satiniert',#5568);
#5562=FILL_AREA_STYLE_COLOUR('',#5569);
#5563=FILL_AREA_STYLE_COLOUR('',#5570);
#5564=FILL_AREA_STYLE_COLOUR('',#5571);
#5565=FILL_AREA_STYLE_COLOUR('',#5572);
#5566=FILL_AREA_STYLE_COLOUR('',#5573);
#5567=FILL_AREA_STYLE_COLOUR('',#5574);
#5568=COLOUR_RGB('Stahl - satiniert',0.627450980392157,0.627450980392157,
0.627450980392157);
#5569=COLOUR_RGB('',0.,0.525490196078431,0.);
#5570=COLOUR_RGB('',0.603921568627451,0.603921568627451,0.603921568627451);
#5571=COLOUR_RGB('',0.592156862745098,0.63921568627451,0.854901960784314);
#5572=COLOUR_RGB('',0.929411764705882,0.745098039215686,0.317647058823529);
#5573=COLOUR_RGB('',0.784313725490196,0.784313725490196,0.784313725490196);
#5574=COLOUR_RGB('',0.403921568627451,0.447058823529412,0.552941176470588);
ENDSEC;
END-ISO-10303-21;
